ano,tema,serviço,geometria,caminho,resgistros
2020,Comércio e serviços,Denunciar estabelecimento que se manteve aberto durante a crise do Coronavirus,poligono,resultados/ultimos-6-meses/comercio-e-servicos/poligonos/denunciar-estabelecimento-que-se-manteve-aberto-durante-a-crise-do-coronavirus.gpkg,96
2020,Comércio e serviços,Denunciar estabelecimento que não fornece álcool em gel ou permite entrada sem máscara durante a crise do Coronavírus,poligono,resultados/ultimos-6-meses/comercio-e-servicos/poligonos/denunciar-estabelecimento-que-nao-fornece-alcool-em-gel-ou-permite-entrada-sem-mascara-durante-a-crise-do-coronavirus.gpkg,95
2020,Comércio e serviços,"Comércio, serviço e indústria - solicitar fiscalização de funcionamento",poligono,resultados/ultimos-6-meses/comercio-e-servicos/poligonos/comercio-servico-e-industria-solicitar-fiscalizacao-de-funcionamento.gpkg,95
2020,Comércio e serviços,Solicitar fiscalização de estabelecimento com venda de bebida alcoólica entre 1h e 5h da manhã,poligono,resultados/ultimos-6-meses/comercio-e-servicos/poligonos/solicitar-fiscalizacao-de-estabelecimento-com-venda-de-bebida-alcoolica-entre-1h-e-5h-da-manha.gpkg,84
2020,Comércio e serviços,Denúncia de edificação não adaptada às normas de segurança,poligono,resultados/ultimos-6-meses/comercio-e-servicos/poligonos/denuncia-de-edificacao-nao-adaptada-as-normas-de-seguranca.gpkg,66
2020,Comércio e serviços,Denúncia de irregularidade em locais com lotação superior a 250 pessoas,poligono,resultados/ultimos-6-meses/comercio-e-servicos/poligonos/denuncia-de-irregularidade-em-locais-com-lotacao-superior-a-250-pessoas.gpkg,34
2020,Comércio e serviços,"Denúncia de condições inadequadas de equipamentos de transportes (elevadores, escadas rolantes, plataforma de elevação vertical)",poligono,resultados/ultimos-6-meses/comercio-e-servicos/poligonos/denuncia-de-condicoes-inadequadas-de-equipamentos-de-transportes-elevadores-escadas-rolantes-plataforma-de-elevacao-vertical.gpkg,4
2020,Animais,Denunciar local com roedores/ratos,poligono,resultados/ultimos-6-meses/animais/poligonos/denunciar-local-com-roedores-ratos.gpkg,95
2020,Animais,Denunciar condições inadequadas de criação,poligono,resultados/ultimos-6-meses/animais/poligonos/denunciar-condicoes-inadequadas-de-criacao.gpkg,96
2020,Animais,Denúncia de local com pombos,poligono,resultados/ultimos-6-meses/animais/poligonos/denuncia-de-local-com-pombos.gpkg,92
2020,Animais,Solicitar atendimento de animais silvestres acidentados ou feridos,poligono,resultados/ultimos-6-meses/animais/poligonos/solicitar-atendimento-de-animais-silvestres-acidentados-ou-feridos.gpkg,84
2020,Animais,Cães e gatos invasores de instituições públicas - Solicitar avaliação,poligono,resultados/ultimos-6-meses/animais/poligonos/caes-e-gatos-invasores-de-instituicoes-publicas-solicitar-avaliacao.gpkg,65
2020,Animais,Denunciar local com escorpião,poligono,resultados/ultimos-6-meses/animais/poligonos/denunciar-local-com-escorpiao.gpkg,84
2020,Saúde,Denunciar local com acúmulo de água limpa e parada,poligono,resultados/ultimos-6-meses/saude/poligonos/denunciar-local-com-acumulo-de-agua-limpa-e-parada.gpkg,93
2020,Cidadania e assistência social,Serviço Especializado de Abordagem Social às Pessoas em Situação de Rua - SEAS,poligono,resultados/ultimos-6-meses/cidadania-e-assistencia-social/poligonos/servico-especializado-de-abordagem-social-as-pessoas-em-situacao-de-rua-seas.gpkg,95
2020,Cidadania e assistência social,Programa Bolsa Família - Reclamação de mau atendimento nos postos de atendimento,poligono,resultados/ultimos-6-meses/cidadania-e-assistencia-social/poligonos/programa-bolsa-familia-reclamacao-de-mau-atendimento-nos-postos-de-atendimento.gpkg,22
2020,Cidadania e assistência social,Denunciar negligência e abandono de pessoa idosa,poligono,resultados/ultimos-6-meses/cidadania-e-assistencia-social/poligonos/denunciar-negligencia-e-abandono-de-pessoa-idosa.gpkg,29
2020,Cidadania e assistência social,Denunciar irregularidade nos serviços para população em situação de rua,poligono,resultados/ultimos-6-meses/cidadania-e-assistencia-social/poligonos/denunciar-irregularidade-nos-servicos-para-populacao-em-situacao-de-rua.gpkg,68
2020,Cidadania e assistência social,Programa Bolsa Família -  Denúncia de cadastramento/recebimento de benefício indevido,poligono,resultados/ultimos-6-meses/cidadania-e-assistencia-social/poligonos/programa-bolsa-familia-denuncia-de-cadastramento-recebimento-de-beneficio-indevido.gpkg,67
2020,Cidadania e assistência social,Reclamação do Atendimento nos Serviços da Secretaria de Assistência Social - SMADS,poligono,resultados/ultimos-6-meses/cidadania-e-assistencia-social/poligonos/reclamacao-do-atendimento-nos-servicos-da-secretaria-de-assistencia-social-smads.gpkg,56
2020,Cidadania e assistência social,Denunciar violência e discriminação em equipamentos e serviços públicos,poligono,resultados/ultimos-6-meses/cidadania-e-assistencia-social/poligonos/denunciar-violencia-e-discriminacao-em-equipamentos-e-servicos-publicos.gpkg,5
2020,Cidadania e assistência social,Denunciar violência contra mulher,poligono,resultados/ultimos-6-meses/cidadania-e-assistencia-social/poligonos/denunciar-violencia-contra-mulher.gpkg,7
2020,Cidadania e assistência social,Denunciar violência e maus tratos de criança ou adolescente,poligono,resultados/ultimos-6-meses/cidadania-e-assistencia-social/poligonos/denunciar-violencia-e-maus-tratos-de-crianca-ou-adolescente.gpkg,61
2020,Cidadania e assistência social,Denunciar negligência e abandono de criança ou adolescente,poligono,resultados/ultimos-6-meses/cidadania-e-assistencia-social/poligonos/denunciar-negligencia-e-abandono-de-crianca-ou-adolescente.gpkg,45
2020,Cidadania e assistência social,Denúncia de trabalho infantil,poligono,resultados/ultimos-6-meses/cidadania-e-assistencia-social/poligonos/denuncia-de-trabalho-infantil.gpkg,22
2020,Cidadania e assistência social,Denunciar exploração sexual,poligono,resultados/ultimos-6-meses/cidadania-e-assistencia-social/poligonos/denunciar-exploracao-sexual.gpkg,8
2020,Cidadania e assistência social,Denunciar atendimento irregular dos conselhos tutelares,poligono,resultados/ultimos-6-meses/cidadania-e-assistencia-social/poligonos/denunciar-atendimento-irregular-dos-conselhos-tutelares.gpkg,2
2020,Cidadania e assistência social,Denunciar trabalho escravo,poligono,resultados/ultimos-6-meses/cidadania-e-assistencia-social/poligonos/denunciar-trabalho-escravo.gpkg,4
2020,Cidadania e assistência social,Denunciar violência e maus tratos de pessoa idosa,poligono,resultados/ultimos-6-meses/cidadania-e-assistencia-social/poligonos/denunciar-violencia-e-maus-tratos-de-pessoa-idosa.gpkg,14
2020,Cidadania e assistência social,Denunciar abuso financeiro e econômico de pessoa idosa,poligono,resultados/ultimos-6-meses/cidadania-e-assistencia-social/poligonos/denunciar-abuso-financeiro-e-economico-de-pessoa-idosa.gpkg,6
2020,Cidadania e assistência social,Denunciar racismo,poligono,resultados/ultimos-6-meses/cidadania-e-assistencia-social/poligonos/denunciar-racismo.gpkg,7
2020,Cidadania e assistência social,Denunciar dificuldade de acesso a direitos e serviços públicos,poligono,resultados/ultimos-6-meses/cidadania-e-assistencia-social/poligonos/denunciar-dificuldade-de-acesso-a-direitos-e-servicos-publicos.gpkg,14
2020,Cidadania e assistência social,Solicitar apoio para busca de pessoa desaparecida,poligono,resultados/ultimos-6-meses/cidadania-e-assistencia-social/poligonos/solicitar-apoio-para-busca-de-pessoa-desaparecida.gpkg,3
2020,Cidadania e assistência social,Denunciar violência e discriminação contra imigrante,poligono,resultados/ultimos-6-meses/cidadania-e-assistencia-social/poligonos/denunciar-violencia-e-discriminacao-contra-imigrante.gpkg,2
2020,Cidadania e assistência social,Denunciar apologia e incitação a crimes contra a vida,poligono,resultados/ultimos-6-meses/cidadania-e-assistencia-social/poligonos/denunciar-apologia-e-incitacao-a-crimes-contra-a-vida.gpkg,2
2020,Cidadania e assistência social,Denunciar intolerância religiosa,poligono,resultados/ultimos-6-meses/cidadania-e-assistencia-social/poligonos/denunciar-intolerancia-religiosa.gpkg,3
2020,Rua e bairro,Reclamação de poluição sonora - PSIU,poligono,resultados/ultimos-6-meses/rua-e-bairro/poligonos/reclamacao-de-poluicao-sonora-psiu.gpkg,96
2020,Rua e bairro,Árvore - solicitar manejo em área pública,poligono,resultados/ultimos-6-meses/rua-e-bairro/poligonos/arvore-solicitar-manejo-em-area-publica.gpkg,96
2020,Rua e bairro,Praça e canteiro central - solicitar roçada,poligono,resultados/ultimos-6-meses/rua-e-bairro/poligonos/praca-e-canteiro-central-solicitar-rocada.gpkg,95
2020,Rua e bairro,Acessibilidade - solicitar avaliação de obstáculo na calçada,poligono,resultados/ultimos-6-meses/rua-e-bairro/poligonos/acessibilidade-solicitar-avaliacao-de-obstaculo-na-calcada.gpkg,96
2020,Rua e bairro,Árvore - denunciar poda ou remoção não autorizada,poligono,resultados/ultimos-6-meses/rua-e-bairro/poligonos/arvore-denunciar-poda-ou-remocao-nao-autorizada.gpkg,94
2020,Rua e bairro,Árvore em área interna - Solicitar avaliação da Prefeitura,poligono,resultados/ultimos-6-meses/rua-e-bairro/poligonos/arvore-em-area-interna-solicitar-avaliacao-da-prefeitura.gpkg,85
2020,Rua e bairro,Solicitar fiscalização de ambulantes,poligono,resultados/ultimos-6-meses/rua-e-bairro/poligonos/solicitar-fiscalizacao-de-ambulantes.gpkg,95
2020,Rua e bairro,Calçada pública - solicitar manutenção,poligono,resultados/ultimos-6-meses/rua-e-bairro/poligonos/calcada-publica-solicitar-manutencao.gpkg,94
2020,Rua e bairro,Denunciar invasão de áreas municipais,poligono,resultados/ultimos-6-meses/rua-e-bairro/poligonos/denunciar-invasao-de-areas-municipais.gpkg,96
2020,Rua e bairro,"Guias, sarjetas e sarjetões - solicitar manutenção",poligono,resultados/ultimos-6-meses/rua-e-bairro/poligonos/guias-sarjetas-e-sarjetoes-solicitar-manutencao.gpkg,95
2020,Rua e bairro,Denunciar loteamento irregular ou clandestino,poligono,resultados/ultimos-6-meses/rua-e-bairro/poligonos/denunciar-loteamento-irregular-ou-clandestino.gpkg,88
2020,Rua e bairro,Vielas e escadarias - solicitar manutenção,poligono,resultados/ultimos-6-meses/rua-e-bairro/poligonos/vielas-e-escadarias-solicitar-manutencao.gpkg,86
2020,Rua e bairro,Denunciar falta de limpeza de terrenos e imóveis particulares,poligono,resultados/ultimos-6-meses/rua-e-bairro/poligonos/denunciar-falta-de-limpeza-de-terrenos-e-imoveis-particulares.gpkg,95
2020,Rua e bairro,Solicitar certidão de auto de multa de imóvel,poligono,resultados/ultimos-6-meses/rua-e-bairro/poligonos/solicitar-certidao-de-auto-de-multa-de-imovel.gpkg,43
2020,Rua e bairro,Solicitar certidão de numeração e denominação de imóveis,poligono,resultados/ultimos-6-meses/rua-e-bairro/poligonos/solicitar-certidao-de-numeracao-e-denominacao-de-imoveis.gpkg,55
2020,Rua e bairro,Árvore em área interna - Comunicar poda à Prefeitura,poligono,resultados/ultimos-6-meses/rua-e-bairro/poligonos/arvore-em-area-interna-comunicar-poda-a-prefeitura.gpkg,83
2020,Rua e bairro,Sugerir instalação de equipamentos de ginástica na praça,poligono,resultados/ultimos-6-meses/rua-e-bairro/poligonos/sugerir-instalacao-de-equipamentos-de-ginastica-na-praca.gpkg,64
2020,Rua e bairro,Praças - sugerir reforma e revitalização,poligono,resultados/ultimos-6-meses/rua-e-bairro/poligonos/pracas-sugerir-reforma-e-revitalizacao.gpkg,91
2020,Rua e bairro,Solicitar plantio de árvores em passeio público ou calçada,poligono,resultados/ultimos-6-meses/rua-e-bairro/poligonos/solicitar-plantio-de-arvores-em-passeio-publico-ou-calcada.gpkg,53
2020,Rua e bairro,"Praças - Solicitar manutenção de equipamentos (mesas, bancos, brinquedos e equipamentos de ginástica)",poligono,resultados/ultimos-6-meses/rua-e-bairro/poligonos/pracas-solicitar-manutencao-de-equipamentos-mesas-bancos-brinquedos-e-equipamentos-de-ginastica.gpkg,77
2020,Rua e bairro,Árvore em área interna – Solicitar autorização para remoção de árvore com apresentação de laudo,poligono,resultados/ultimos-6-meses/rua-e-bairro/poligonos/arvore-em-area-interna-solicitar-autorizacao-para-remocao-de-arvore-com-apresentacao-de-laudo.gpkg,79
2020,Rua e bairro,Denunciar terreno com muro danificado/inexistente,poligono,resultados/ultimos-6-meses/rua-e-bairro/poligonos/denunciar-terreno-com-muro-danificado-inexistente.gpkg,55
2020,Rua e bairro,Calçada particular - denunciar calçada danificada ou inexistente,poligono,resultados/ultimos-6-meses/rua-e-bairro/poligonos/calcada-particular-denunciar-calcada-danificada-ou-inexistente.gpkg,94
2020,Rua e bairro,Sugerir construção de calçadas em áreas públicas e praças,poligono,resultados/ultimos-6-meses/rua-e-bairro/poligonos/sugerir-construcao-de-calcadas-em-areas-publicas-e-pracas.gpkg,49
2020,Rua e bairro,Guias para travessia de pedestres - Solicitar rebaixamento,poligono,resultados/ultimos-6-meses/rua-e-bairro/poligonos/guias-para-travessia-de-pedestres-solicitar-rebaixamento.gpkg,59
2020,Rua e bairro,Denunciar fechamento de ruas e vilas,poligono,resultados/ultimos-6-meses/rua-e-bairro/poligonos/denunciar-fechamento-de-ruas-e-vilas.gpkg,60
2020,Rua e bairro,"Sugerir instalação de mobiliário (mesas, bancos, brinquedos, equipamentos de ginástica) em áreas públicas e praças",poligono,resultados/ultimos-6-meses/rua-e-bairro/poligonos/sugerir-instalacao-de-mobiliario-mesas-bancos-brinquedos-equipamentos-de-ginastica-em-areas-publicas-e-pracas.gpkg,66
2020,Rua e bairro,Árvore em área interna - Comunicar remoção ou poda emergencial à Prefeitura,poligono,resultados/ultimos-6-meses/rua-e-bairro/poligonos/arvore-em-area-interna-comunicar-remocao-ou-poda-emergencial-a-prefeitura.gpkg,74
2020,Rua e bairro,Guia rebaixada - solicitar fiscalização de rebaixamento irregular,poligono,resultados/ultimos-6-meses/rua-e-bairro/poligonos/guia-rebaixada-solicitar-fiscalizacao-de-rebaixamento-irregular.gpkg,37
2020,Rua e bairro,Reformar galerias de águas de chuvas (pluviais),poligono,resultados/ultimos-6-meses/rua-e-bairro/poligonos/reformar-galerias-de-aguas-de-chuvas-pluviais.gpkg,75
2020,Rua e bairro,Drenagem de água da chuva - Bueiros e bocas de lobo,poligono,resultados/ultimos-6-meses/rua-e-bairro/poligonos/drenagem-de-agua-da-chuva-bueiros-e-bocas-de-lobo.gpkg,83
2020,Rua e bairro,Praças - solicitar manutenção de equipamentos de ginástica,poligono,resultados/ultimos-6-meses/rua-e-bairro/poligonos/pracas-solicitar-manutencao-de-equipamentos-de-ginastica.gpkg,25
2020,Rua e bairro,Denunciar despejo irregular de água usada ou esgoto,poligono,resultados/ultimos-6-meses/rua-e-bairro/poligonos/denunciar-despejo-irregular-de-agua-usada-ou-esgoto.gpkg,56
2020,Rua e bairro,Fornecimento de mudas de árvores ao cidadão - Viveiro Manequinho Lopes,poligono,resultados/ultimos-6-meses/rua-e-bairro/poligonos/fornecimento-de-mudas-de-arvores-ao-cidadao-viveiro-manequinho-lopes.gpkg,2
2020,Urgência,Comércio irregular,poligono,resultados/ultimos-6-meses/urgencia/poligonos/comercio-irregular.gpkg,96
2020,Urgência,Perturbação do sossego,poligono,resultados/ultimos-6-meses/urgencia/poligonos/perturbacao-do-sossego.gpkg,96
2020,Urgência,Risco iminente de queda de árvore,poligono,resultados/ultimos-6-meses/urgencia/poligonos/risco-iminente-de-queda-de-arvore.gpkg,96
2020,Urgência,Alarme disparado,poligono,resultados/ultimos-6-meses/urgencia/poligonos/alarme-disparado.gpkg,56
2020,Urgência,Risco de desabamento,poligono,resultados/ultimos-6-meses/urgencia/poligonos/risco-de-desabamento.gpkg,95
2020,Urgência,Desabamento,poligono,resultados/ultimos-6-meses/urgencia/poligonos/desabamento.gpkg,62
2020,Urgência,Apoio a agente público,poligono,resultados/ultimos-6-meses/urgencia/poligonos/apoio-a-agente-publico.gpkg,90
2020,Urgência,Atitude Suspeita,poligono,resultados/ultimos-6-meses/urgencia/poligonos/atitude-suspeita.gpkg,85
2020,Urgência,Roubo ou tentativa de roubo,poligono,resultados/ultimos-6-meses/urgencia/poligonos/roubo-ou-tentativa-de-roubo.gpkg,34
2020,Urgência,Crimes contra o meio ambiente,poligono,resultados/ultimos-6-meses/urgencia/poligonos/crimes-contra-o-meio-ambiente.gpkg,95
2020,Urgência,Rachadura de Edificação,poligono,resultados/ultimos-6-meses/urgencia/poligonos/rachadura-de-edificacao.gpkg,94
2020,Urgência,Destelhamento,poligono,resultados/ultimos-6-meses/urgencia/poligonos/destelhamento.gpkg,7
2020,Urgência,Manifestação pública,poligono,resultados/ultimos-6-meses/urgencia/poligonos/manifestacao-publica.gpkg,96
2020,Urgência,Risco de deslizamento,poligono,resultados/ultimos-6-meses/urgencia/poligonos/risco-de-deslizamento.gpkg,39
2020,Urgência,Invasão,poligono,resultados/ultimos-6-meses/urgencia/poligonos/invasao.gpkg,93
2020,Urgência,Ocorrências com animais silvestres,poligono,resultados/ultimos-6-meses/urgencia/poligonos/ocorrencias-com-animais-silvestres.gpkg,95
2020,Urgência,Desentendimento,poligono,resultados/ultimos-6-meses/urgencia/poligonos/desentendimento.gpkg,30
2020,Urgência,Infiltração,poligono,resultados/ultimos-6-meses/urgencia/poligonos/infiltracao.gpkg,89
2020,Urgência,Ocorrências com Drogas,poligono,resultados/ultimos-6-meses/urgencia/poligonos/ocorrencias-com-drogas.gpkg,79
2020,Urgência,Corrupção de menor,poligono,resultados/ultimos-6-meses/urgencia/poligonos/corrupcao-de-menor.gpkg,13
2020,Urgência,Outras ocorrências em escolas,poligono,resultados/ultimos-6-meses/urgencia/poligonos/outras-ocorrencias-em-escolas.gpkg,60
2020,Urgência,Maria da Penha,poligono,resultados/ultimos-6-meses/urgencia/poligonos/maria-da-penha.gpkg,61
2020,Urgência,Agressão,poligono,resultados/ultimos-6-meses/urgencia/poligonos/agressao.gpkg,65
2020,Urgência,Descarte de entulho em flagrante,poligono,resultados/ultimos-6-meses/urgencia/poligonos/descarte-de-entulho-em-flagrante.gpkg,68
2020,Urgência,Ameaça,poligono,resultados/ultimos-6-meses/urgencia/poligonos/ameaca.gpkg,66
2020,Urgência,Ocorrência com pessoa desprotegida,poligono,resultados/ultimos-6-meses/urgencia/poligonos/ocorrencia-com-pessoa-desprotegida.gpkg,38
2020,Urgência,Produtos perigosos,poligono,resultados/ultimos-6-meses/urgencia/poligonos/produtos-perigosos.gpkg,18
2020,Urgência,Desacato a agente público,poligono,resultados/ultimos-6-meses/urgencia/poligonos/desacato-a-agente-publico.gpkg,14
2020,Urgência,Incêndio,poligono,resultados/ultimos-6-meses/urgencia/poligonos/incendio.gpkg,59
2020,Urgência,Pichação,poligono,resultados/ultimos-6-meses/urgencia/poligonos/pichacao.gpkg,9
2020,Urgência,Tumulto,poligono,resultados/ultimos-6-meses/urgencia/poligonos/tumulto.gpkg,82
2020,Urgência,Arma de fogo,poligono,resultados/ultimos-6-meses/urgencia/poligonos/arma-de-fogo.gpkg,10
2020,Urgência,Ato obsceno,poligono,resultados/ultimos-6-meses/urgencia/poligonos/ato-obsceno.gpkg,15
2020,Urgência,Furto ou tentativa de furto,poligono,resultados/ultimos-6-meses/urgencia/poligonos/furto-ou-tentativa-de-furto.gpkg,48
2020,Urgência,Extorsão,poligono,resultados/ultimos-6-meses/urgencia/poligonos/extorsao.gpkg,16
2020,Urgência,Ocorrência em cemitério,poligono,resultados/ultimos-6-meses/urgencia/poligonos/ocorrencia-em-cemiterio.gpkg,10
2020,Urgência,Dano ao patrimônio,poligono,resultados/ultimos-6-meses/urgencia/poligonos/dano-ao-patrimonio.gpkg,52
2020,Urgência,Inundação,poligono,resultados/ultimos-6-meses/urgencia/poligonos/inundacao.gpkg,23
2020,Urgência,Fogo em mato,poligono,resultados/ultimos-6-meses/urgencia/poligonos/fogo-em-mato.gpkg,21
2020,Urgência,Deslizamento,poligono,resultados/ultimos-6-meses/urgencia/poligonos/deslizamento.gpkg,29
2020,Urgência,Vazamento de gás,poligono,resultados/ultimos-6-meses/urgencia/poligonos/vazamento-de-gas.gpkg,19
2020,Urgência,[Solicitado pela Defesa Civil – uso interno]  Vistoria em área de risco,poligono,resultados/ultimos-6-meses/urgencia/poligonos/solicitado-pela-defesa-civil-uso-interno-vistoria-em-area-de-risco.gpkg,25
2020,Urgência,Soltura de balões ou fogos,poligono,resultados/ultimos-6-meses/urgencia/poligonos/soltura-de-baloes-ou-fogos.gpkg,9
2020,Urgência,Obra de arte (danificada),poligono,resultados/ultimos-6-meses/urgencia/poligonos/obra-de-arte-danificada.gpkg,8
2020,Urgência,Ocorrência médica com pessoa,poligono,resultados/ultimos-6-meses/urgencia/poligonos/ocorrencia-medica-com-pessoa.gpkg,16
2020,Urgência,Alagamento,poligono,resultados/ultimos-6-meses/urgencia/poligonos/alagamento.gpkg,17
2020,Urgência,Veículo abandonado em próprio municipal,poligono,resultados/ultimos-6-meses/urgencia/poligonos/veiculo-abandonado-em-proprio-municipal.gpkg,11
2020,Urgência,Suicídio ou Tentativa de Suicídio,poligono,resultados/ultimos-6-meses/urgencia/poligonos/suicidio-ou-tentativa-de-suicidio.gpkg,5
2020,Urgência,Pré-ocorrência,poligono,resultados/ultimos-6-meses/urgencia/poligonos/pre-ocorrencia.gpkg,11
2020,Urgência,Encontro de cadáver,poligono,resultados/ultimos-6-meses/urgencia/poligonos/encontro-de-cadaver.gpkg,4
2020,Urgência,Rompimento de adutora,poligono,resultados/ultimos-6-meses/urgencia/poligonos/rompimento-de-adutora.gpkg,12
2020,Urgência,Homicídio e tentativa de homicídio,poligono,resultados/ultimos-6-meses/urgencia/poligonos/homicidio-e-tentativa-de-homicidio.gpkg,3
2020,Urgência,Estupro ou tentativa de estupro,poligono,resultados/ultimos-6-meses/urgencia/poligonos/estupro-ou-tentativa-de-estupro.gpkg,4
2020,Urgência,Maus tratos de pessoas,poligono,resultados/ultimos-6-meses/urgencia/poligonos/maus-tratos-de-pessoas.gpkg,4
2020,"Obras, imóveis e habitação",Solicitar fiscalização de obra e reforma em imóvel particular,poligono,resultados/ultimos-6-meses/obras-imoveis-e-habitacao/poligonos/solicitar-fiscalizacao-de-obra-e-reforma-em-imovel-particular.gpkg,96
2020,"Obras, imóveis e habitação",Denunciar material de construção depositado em vias públicas,poligono,resultados/ultimos-6-meses/obras-imoveis-e-habitacao/poligonos/denunciar-material-de-construcao-depositado-em-vias-publicas.gpkg,69
2020,"Obras, imóveis e habitação","Denunciar janela ou abertura a menos de 1,50m do vizinho",poligono,resultados/ultimos-6-meses/obras-imoveis-e-habitacao/poligonos/denunciar-janela-ou-abertura-a-menos-de-150m-do-vizinho.gpkg,71
2020,"Obras, imóveis e habitação",Solicitar certidão de demolição de imóveis,poligono,resultados/ultimos-6-meses/obras-imoveis-e-habitacao/poligonos/solicitar-certidao-de-demolicao-de-imoveis.gpkg,26
2020,Bilhete Único,Implantação de pontos de venda e recarga em estabelecimento comercial,poligono,resultados/ultimos-6-meses/bilhete-unico/poligonos/implantacao-de-pontos-de-venda-e-recarga-em-estabelecimento-comercial.gpkg,48
2020,Ouvidoria Geral do Município,Reclamação,poligono,resultados/ultimos-6-meses/ouvidoria-geral-do-municipio/poligonos/reclamacao.gpkg,96
2020,Ouvidoria Geral do Município,Solicitação,poligono,resultados/ultimos-6-meses/ouvidoria-geral-do-municipio/poligonos/solicitacao.gpkg,92
2020,Ouvidoria Geral do Município,Reclamação Anônima (Uso exclusivo da Ouvidoria),poligono,resultados/ultimos-6-meses/ouvidoria-geral-do-municipio/poligonos/reclamacao-anonima-uso-exclusivo-da-ouvidoria.gpkg,93
2020,Ouvidoria Geral do Município,Denúncia,poligono,resultados/ultimos-6-meses/ouvidoria-geral-do-municipio/poligonos/denuncia.gpkg,80
2020,Ouvidoria Geral do Município,Sugestão,poligono,resultados/ultimos-6-meses/ouvidoria-geral-do-municipio/poligonos/sugestao.gpkg,49
2020,Ouvidoria Geral do Município,Elogio,poligono,resultados/ultimos-6-meses/ouvidoria-geral-do-municipio/poligonos/elogio.gpkg,44
2020,Ouvidoria Geral do Município,Denunciar irregularidade da contratação e/ou gestão de serviço público,poligono,resultados/ultimos-6-meses/ouvidoria-geral-do-municipio/poligonos/denunciar-irregularidade-da-contratacao-e-ou-gestao-de-servico-publico.gpkg,4
2020,Ouvidoria Geral do Município,Denunciar conduta inadequada de funcionário(a) público(a),poligono,resultados/ultimos-6-meses/ouvidoria-geral-do-municipio/poligonos/denunciar-conduta-inadequada-de-funcionario-a-publico-a.gpkg,4
2020,Trânsito e Transporte,Solicitar remoção de veículo/carcaça abandonado na via pública,poligono,resultados/ultimos-6-meses/transito-e-transporte/poligonos/solicitar-remocao-de-veiculo-carcaca-abandonado-na-via-publica.gpkg,96
2020,Trânsito e Transporte,Aviso de semáforo com problemas,poligono,resultados/ultimos-6-meses/transito-e-transporte/poligonos/aviso-de-semaforo-com-problemas.gpkg,96
2020,Trânsito e Transporte,Intensificar fiscalização de veículos estacionados/parados irregularmente,poligono,resultados/ultimos-6-meses/transito-e-transporte/poligonos/intensificar-fiscalizacao-de-veiculos-estacionados-parados-irregularmente.gpkg,89
2020,Trânsito e Transporte,Circulação e acesso de veículos e pessoas - Solicitar avaliação,poligono,resultados/ultimos-6-meses/transito-e-transporte/poligonos/circulacao-e-acesso-de-veiculos-e-pessoas-solicitar-avaliacao.gpkg,96
2020,Trânsito e Transporte,Circulação de caminhões - Solicitar avaliação,poligono,resultados/ultimos-6-meses/transito-e-transporte/poligonos/circulacao-de-caminhoes-solicitar-avaliacao.gpkg,76
2020,Trânsito e Transporte,Denunciar reserva irregular de vaga,poligono,resultados/ultimos-6-meses/transito-e-transporte/poligonos/denunciar-reserva-irregular-de-vaga.gpkg,82
2020,Trânsito e Transporte,Intensificar fiscalização de veículos em movimento,poligono,resultados/ultimos-6-meses/transito-e-transporte/poligonos/intensificar-fiscalizacao-de-veiculos-em-movimento.gpkg,83
2020,Trânsito e Transporte,Vaga de estacionamento na via - solicitar análise de proibição,poligono,resultados/ultimos-6-meses/transito-e-transporte/poligonos/vaga-de-estacionamento-na-via-solicitar-analise-de-proibicao.gpkg,62
2020,Trânsito e Transporte,Vaga de estacionamento na via - solicitar desativação ou modificação,poligono,resultados/ultimos-6-meses/transito-e-transporte/poligonos/vaga-de-estacionamento-na-via-solicitar-desativacao-ou-modificacao.gpkg,35
2020,Trânsito e Transporte,Instalação de placa com nome de rua,poligono,resultados/ultimos-6-meses/transito-e-transporte/poligonos/instalacao-de-placa-com-nome-de-rua.gpkg,72
2020,Trânsito e Transporte,Semáforo de veículos e pedestres - Sugerir ajuste de tempo,poligono,resultados/ultimos-6-meses/transito-e-transporte/poligonos/semaforo-de-veiculos-e-pedestres-sugerir-ajuste-de-tempo.gpkg,80
2020,Trânsito e Transporte,Taxi / Aplicativos - Denúncia de conduta ou postura do condutor,poligono,resultados/ultimos-6-meses/transito-e-transporte/poligonos/taxi-aplicativos-denuncia-de-conduta-ou-postura-do-condutor.gpkg,43
2020,Trânsito e Transporte,Travessia de pedestres - Solicitar avaliação,poligono,resultados/ultimos-6-meses/transito-e-transporte/poligonos/travessia-de-pedestres-solicitar-avaliacao.gpkg,89
2020,Trânsito e Transporte,Manutenção de placa com nome de rua,poligono,resultados/ultimos-6-meses/transito-e-transporte/poligonos/manutencao-de-placa-com-nome-de-rua.gpkg,81
2020,Trânsito e Transporte,Aviso de obra prejudicando o trânsito,poligono,resultados/ultimos-6-meses/transito-e-transporte/poligonos/aviso-de-obra-prejudicando-o-transito.gpkg,32
2020,Trânsito e Transporte,Aviso de sinalização com risco de queda,poligono,resultados/ultimos-6-meses/transito-e-transporte/poligonos/aviso-de-sinalizacao-com-risco-de-queda.gpkg,38
2020,Trânsito e Transporte,Ônibus fretado - Denúncia de conduta ou postura do condutor,poligono,resultados/ultimos-6-meses/transito-e-transporte/poligonos/onibus-fretado-denuncia-de-conduta-ou-postura-do-condutor.gpkg,14
2020,Trânsito e Transporte,Reclamação de desobediência ao regulamento de Ponto de Taxi,poligono,resultados/ultimos-6-meses/transito-e-transporte/poligonos/reclamacao-de-desobediencia-ao-regulamento-de-ponto-de-taxi.gpkg,21
2020,Trânsito e Transporte,Denúncia de veículo clandestino ou de problemas no transporte,poligono,resultados/ultimos-6-meses/transito-e-transporte/poligonos/denuncia-de-veiculo-clandestino-ou-de-problemas-no-transporte.gpkg,17
2020,Trânsito e Transporte,Reclamar sobre eventos na via,poligono,resultados/ultimos-6-meses/transito-e-transporte/poligonos/reclamar-sobre-eventos-na-via.gpkg,15
2020,Trânsito e Transporte,Fiscalização de uso de vaga reservada em estabelecimento comercial,poligono,resultados/ultimos-6-meses/transito-e-transporte/poligonos/fiscalizacao-de-uso-de-vaga-reservada-em-estabelecimento-comercial.gpkg,3
2020,Trânsito e Transporte,Denúncia sobre cobrança,poligono,resultados/ultimos-6-meses/transito-e-transporte/poligonos/denuncia-sobre-cobranca.gpkg,9
2020,Trânsito e Transporte,Sugerir criação e ampliação de vagas para Idoso/Defis em vias públicas,poligono,resultados/ultimos-6-meses/transito-e-transporte/poligonos/sugerir-criacao-e-ampliacao-de-vagas-para-idoso-defis-em-vias-publicas.gpkg,32
2020,Trânsito e Transporte,Solicitar fiscalização de valet,poligono,resultados/ultimos-6-meses/transito-e-transporte/poligonos/solicitar-fiscalizacao-de-valet.gpkg,9
2020,Trânsito e Transporte,Aviso de chapas de aço soltas na via,poligono,resultados/ultimos-6-meses/transito-e-transporte/poligonos/aviso-de-chapas-de-aco-soltas-na-via.gpkg,7
2020,Trânsito e Transporte,Denunciar má conduta de empregados da CET,poligono,resultados/ultimos-6-meses/transito-e-transporte/poligonos/denunciar-ma-conduta-de-empregados-da-cet.gpkg,38
2020,Trânsito e Transporte,Sugerir criação e ampliação de estacionamento de veículos em vias públicas,poligono,resultados/ultimos-6-meses/transito-e-transporte/poligonos/sugerir-criacao-e-ampliacao-de-estacionamento-de-veiculos-em-vias-publicas.gpkg,50
2020,Trânsito e Transporte,Aviso de radar danificado,poligono,resultados/ultimos-6-meses/transito-e-transporte/poligonos/aviso-de-radar-danificado.gpkg,10
2020,Trânsito e Transporte,Solicitar fiscalização de ausência de vagas reservadas em estabelecimento comercial,poligono,resultados/ultimos-6-meses/transito-e-transporte/poligonos/solicitar-fiscalizacao-de-ausencia-de-vagas-reservadas-em-estabelecimento-comercial.gpkg,16
2020,Trânsito e Transporte,Ônibus fretado - Reclamação da conservação e manutenção do veículo,poligono,resultados/ultimos-6-meses/transito-e-transporte/poligonos/onibus-fretado-reclamacao-da-conservacao-e-manutencao-do-veiculo.gpkg,16
2020,Trânsito e Transporte,Faixas e corredores de ônibus - Solicitar avaliação de problemas,poligono,resultados/ultimos-6-meses/transito-e-transporte/poligonos/faixas-e-corredores-de-onibus-solicitar-avaliacao-de-problemas.gpkg,17
2020,Trânsito e Transporte,Faixas e corredores de ônibus - Solicitar implantação,poligono,resultados/ultimos-6-meses/transito-e-transporte/poligonos/faixas-e-corredores-de-onibus-solicitar-implantacao.gpkg,9
2020,Trânsito e Transporte,Carga a frete - Denúncia de irregularidades,poligono,resultados/ultimos-6-meses/transito-e-transporte/poligonos/carga-a-frete-denuncia-de-irregularidades.gpkg,6
2020,Trânsito e Transporte,Funcionários da CET - Fazer elogio,poligono,resultados/ultimos-6-meses/transito-e-transporte/poligonos/funcionarios-da-cet-fazer-elogio.gpkg,6
2020,Trânsito e Transporte,Táxi/Aplicativos - Achados e perdidos,poligono,resultados/ultimos-6-meses/transito-e-transporte/poligonos/taxi-aplicativos-achados-e-perdidos.gpkg,12
2020,Trânsito e Transporte,Solicitar fiscalização de estacionamentos particulares,poligono,resultados/ultimos-6-meses/transito-e-transporte/poligonos/solicitar-fiscalizacao-de-estacionamentos-particulares.gpkg,18
2020,Trânsito e Transporte,Estações de bicicletas compartilhadas - solicitar mudança de local,poligono,resultados/ultimos-6-meses/transito-e-transporte/poligonos/estacoes-de-bicicletas-compartilhadas-solicitar-mudanca-de-local.gpkg,3
2020,Trânsito e Transporte,Reclamação da conservação e manutenção da moto,poligono,resultados/ultimos-6-meses/transito-e-transporte/poligonos/reclamacao-da-conservacao-e-manutencao-da-moto.gpkg,3
2020,Trânsito e Transporte,Ônibus fretado - Denúncia ou reclamação de irregularidades ou problemas no transporte,poligono,resultados/ultimos-6-meses/transito-e-transporte/poligonos/onibus-fretado-denuncia-ou-reclamacao-de-irregularidades-ou-problemas-no-transporte.gpkg,5
2020,Trânsito e Transporte,Estações de bicicletas compartilhadas - Sugerir instalação de nova estação,poligono,resultados/ultimos-6-meses/transito-e-transporte/poligonos/estacoes-de-bicicletas-compartilhadas-sugerir-instalacao-de-nova-estacao.gpkg,7
2020,Trânsito e Transporte,Aviso de pista/via escorregadia,poligono,resultados/ultimos-6-meses/transito-e-transporte/poligonos/aviso-de-pista-via-escorregadia.gpkg,6
2020,Trânsito e Transporte,Moto-frete - Denúncia de irregularidades,poligono,resultados/ultimos-6-meses/transito-e-transporte/poligonos/moto-frete-denuncia-de-irregularidades.gpkg,4
2020,Trânsito e Transporte,Taxi / Aplicativos - Elogio ao condutor,poligono,resultados/ultimos-6-meses/transito-e-transporte/poligonos/taxi-aplicativos-elogio-ao-condutor.gpkg,2
2020,Trânsito e Transporte,Taxi / Aplicativos - Reclamação da conservação e manutenção do veículo,poligono,resultados/ultimos-6-meses/transito-e-transporte/poligonos/taxi-aplicativos-reclamacao-da-conservacao-e-manutencao-do-veiculo.gpkg,2
2020,Trânsito e Transporte,Transporte Escolar - Denúncia de conduta ou postura do condutor,poligono,resultados/ultimos-6-meses/transito-e-transporte/poligonos/transporte-escolar-denuncia-de-conduta-ou-postura-do-condutor.gpkg,3
2020,Trânsito e Transporte,Plano emergencial (PAESE),poligono,resultados/ultimos-6-meses/transito-e-transporte/poligonos/plano-emergencial-paese.gpkg,11
2020,Acessibilidade,Acessibilidade - Solicitar fiscalização em edificações,poligono,resultados/ultimos-6-meses/acessibilidade/poligonos/acessibilidade-solicitar-fiscalizacao-em-edificacoes.gpkg,24
2020,Acessibilidade,Bilhete Único - Denúncia de uso irregular,poligono,resultados/ultimos-6-meses/acessibilidade/poligonos/bilhete-unico-denuncia-de-uso-irregular.gpkg,10
2020,Meio Ambiente,Córrego - solicitar limpeza,poligono,resultados/ultimos-6-meses/meio-ambiente/poligonos/corrego-solicitar-limpeza.gpkg,77
2020,Meio Ambiente,Poda ou remoção de árvores ou vegetação em parques,poligono,resultados/ultimos-6-meses/meio-ambiente/poligonos/poda-ou-remocao-de-arvores-ou-vegetacao-em-parques.gpkg,93
2020,Meio Ambiente,Denúncia de fumaça/ fuligem /material particulado,poligono,resultados/ultimos-6-meses/meio-ambiente/poligonos/denuncia-de-fumaca-fuligem-material-particulado.gpkg,81
2020,Meio Ambiente,Denúncia de despejo irregular de esgoto ou outros poluentes de águas dentro dos limites do município,poligono,resultados/ultimos-6-meses/meio-ambiente/poligonos/denuncia-de-despejo-irregular-de-esgoto-ou-outros-poluentes-de-aguas-dentro-dos-limites-do-municipio.gpkg,83
2020,Meio Ambiente,Denúncia de ocupação irregular de área verde localizada em área privada dentro do município,poligono,resultados/ultimos-6-meses/meio-ambiente/poligonos/denuncia-de-ocupacao-irregular-de-area-verde-localizada-em-area-privada-dentro-do-municipio.gpkg,47
2020,Meio Ambiente,Denúncia de cheiro forte causando incômodo,poligono,resultados/ultimos-6-meses/meio-ambiente/poligonos/denuncia-de-cheiro-forte-causando-incomodo.gpkg,73
2020,Meio Ambiente,Denúncia de lançamento de esgoto em córrego,poligono,resultados/ultimos-6-meses/meio-ambiente/poligonos/denuncia-de-lancamento-de-esgoto-em-corrego.gpkg,39
2020,Meio Ambiente,Parques – Reclamar sobre manutenção e limpeza,poligono,resultados/ultimos-6-meses/meio-ambiente/poligonos/parques-reclamar-sobre-manutencao-e-limpeza.gpkg,65
2020,Meio Ambiente,Denúncia de distribuição de sacolas plásticas irregulares,poligono,resultados/ultimos-6-meses/meio-ambiente/poligonos/denuncia-de-distribuicao-de-sacolas-plasticas-irregulares.gpkg,5
2020,Meio Ambiente,Parques – Denunciar uso inadequado,poligono,resultados/ultimos-6-meses/meio-ambiente/poligonos/parques-denunciar-uso-inadequado.gpkg,19
2020,Meio Ambiente,Pedido de esclarecimento sobre áreas contaminadas no município de São Paulo,poligono,resultados/ultimos-6-meses/meio-ambiente/poligonos/pedido-de-esclarecimento-sobre-areas-contaminadas-no-municipio-de-sao-paulo.gpkg,11
2020,Meio Ambiente,Denúncia de represamento ou aterramento de rio ou córrego,poligono,resultados/ultimos-6-meses/meio-ambiente/poligonos/denuncia-de-represamento-ou-aterramento-de-rio-ou-corrego.gpkg,12
2020,Meio Ambiente,Reclamação de má-conduta de funcionários de parques,poligono,resultados/ultimos-6-meses/meio-ambiente/poligonos/reclamacao-de-ma-conduta-de-funcionarios-de-parques.gpkg,10
2020,Meio Ambiente,Denúncia de retirada e uso de água subterrânea sem autorização,poligono,resultados/ultimos-6-meses/meio-ambiente/poligonos/denuncia-de-retirada-e-uso-de-agua-subterranea-sem-autorizacao.gpkg,6
2020,Educação,Denunciar irregularidades em creches conveniadas,poligono,resultados/ultimos-6-meses/educacao/poligonos/denunciar-irregularidades-em-creches-conveniadas.gpkg,6
2020,Educação,Uniforme escolar - Avisar sobre problemas na compra dos uniformes,poligono,resultados/ultimos-6-meses/educacao/poligonos/uniforme-escolar-avisar-sobre-problemas-na-compra-dos-uniformes.gpkg,17
2020,Lixo e limpeza,Lixo domiciliar – Denunciar colocação de lixo fora do horário de coleta,poligono,resultados/ultimos-6-meses/lixo-e-limpeza/poligonos/lixo-domiciliar-denunciar-colocacao-de-lixo-fora-do-horario-de-coleta.gpkg,88
2020,Lixo e limpeza,Denunciar descarte irregular de entulho e outros resíduos em área pública,poligono,resultados/ultimos-6-meses/lixo-e-limpeza/poligonos/denunciar-descarte-irregular-de-entulho-e-outros-residuos-em-area-publica.gpkg,95
2020,Lixo e limpeza,Denúncia de caçamba de entulho de obra/construção,poligono,resultados/ultimos-6-meses/lixo-e-limpeza/poligonos/denuncia-de-cacamba-de-entulho-de-obra-construcao.gpkg,74
2020,Lixo e limpeza,Solicitar fiscalização de feira livre,poligono,resultados/ultimos-6-meses/lixo-e-limpeza/poligonos/solicitar-fiscalizacao-de-feira-livre.gpkg,88
2020,Lixo e limpeza,Limpar lixeiras públicas,poligono,resultados/ultimos-6-meses/lixo-e-limpeza/poligonos/limpar-lixeiras-publicas.gpkg,80
2020,Lixo e limpeza,Remoção de propaganda irregular,poligono,resultados/ultimos-6-meses/lixo-e-limpeza/poligonos/remocao-de-propaganda-irregular.gpkg,39
2020,Lixo e limpeza,Publicidade - solicitar fiscalização de publicidade irregular,poligono,resultados/ultimos-6-meses/lixo-e-limpeza/poligonos/publicidade-solicitar-fiscalizacao-de-publicidade-irregular.gpkg,42
2020,Lixo e limpeza,Denúncia de colocação de lixo reciclável fora do horário de coleta,poligono,resultados/ultimos-6-meses/lixo-e-limpeza/poligonos/denuncia-de-colocacao-de-lixo-reciclavel-fora-do-horario-de-coleta.gpkg,13
2020,Lixo e limpeza,Reclamações sobre Ecoponto,poligono,resultados/ultimos-6-meses/lixo-e-limpeza/poligonos/reclamacoes-sobre-ecoponto.gpkg,52
2020,Lixo e limpeza,Denúncia de grande gerador de resíduos colocando lixo na coleta normal,poligono,resultados/ultimos-6-meses/lixo-e-limpeza/poligonos/denuncia-de-grande-gerador-de-residuos-colocando-lixo-na-coleta-normal.gpkg,41
2020,Lixo e limpeza,Conduta de funcionários - Elogio,poligono,resultados/ultimos-6-meses/lixo-e-limpeza/poligonos/conduta-de-funcionarios-elogio.gpkg,22
2020,Lixo e limpeza,Manutenção de caminhão de lixo,poligono,resultados/ultimos-6-meses/lixo-e-limpeza/poligonos/manutencao-de-caminhao-de-lixo.gpkg,3
2020,Lixo e limpeza,Denunciar panfletagem irregular,poligono,resultados/ultimos-6-meses/lixo-e-limpeza/poligonos/denunciar-panfletagem-irregular.gpkg,12
2020,Lixo e limpeza,Denúncia de estabelecimento gerador de resíduos de saúde não cadastrado,poligono,resultados/ultimos-6-meses/lixo-e-limpeza/poligonos/denuncia-de-estabelecimento-gerador-de-residuos-de-saude-nao-cadastrado.gpkg,5
2020,Trabalho,Mercados e sacolões - Fazer reclamação,poligono,resultados/ultimos-6-meses/trabalho/poligonos/mercados-e-sacoloes-fazer-reclamacao.gpkg,30
2020,Trabalho,Telecentro - Reclamação,poligono,resultados/ultimos-6-meses/trabalho/poligonos/telecentro-reclamacao.gpkg,3
2020,Finanças,Dívida Ativa - Tirar dúvidas sobre serviços relacionados,poligono,resultados/ultimos-6-meses/financas/poligonos/divida-ativa-tirar-duvidas-sobre-servicos-relacionados.gpkg,3
2020,Finanças,Autos de Infração - Fale com a Fazenda,poligono,resultados/ultimos-6-meses/financas/poligonos/autos-de-infracao-fale-com-a-fazenda.gpkg,57
2020,Finanças,Devoluções e Restituições – Fale com a Fazenda,poligono,resultados/ultimos-6-meses/financas/poligonos/devolucoes-e-restituicoes-fale-com-a-fazenda.gpkg,62
2020,Segurança urbana,Solicitação de policiamento,poligono,resultados/ultimos-6-meses/seguranca-urbana/poligonos/solicitacao-de-policiamento.gpkg,58
2020,Segurança urbana,Guarda Civil Metropolitana - Crítica e reclamação,poligono,resultados/ultimos-6-meses/seguranca-urbana/poligonos/guarda-civil-metropolitana-critica-e-reclamacao.gpkg,11
2020,Segurança urbana,Guarda Civil Metropolitana - Sugestão,poligono,resultados/ultimos-6-meses/seguranca-urbana/poligonos/guarda-civil-metropolitana-sugestao.gpkg,6
2020,"Cultura, esporte e lazer",WiFi Livre SP - Reclamar sobre problemas na conexão,poligono,resultados/ultimos-6-meses/cultura-esporte-e-lazer/poligonos/wifi-livre-sp-reclamar-sobre-problemas-na-conexao.gpkg,17
2020,"Cultura, esporte e lazer",WiFi Livre SP - Sugerir local para instalação,poligono,resultados/ultimos-6-meses/cultura-esporte-e-lazer/poligonos/wifi-livre-sp-sugerir-local-para-instalacao.gpkg,22
2020,Trânsito e Transporte,Ônibus - Reclamação de intervalo excessivo da linha,ponto,resultados/ultimos-6-meses/transito-e-transporte/poligonos/onibus-reclamacao-de-intervalo-excessivo-da-linha.gpkg,4890
2020,Trânsito e Transporte,Ônibus - Reclamação de descumprimento de partida no ponto inicial/final,ponto,resultados/ultimos-6-meses/transito-e-transporte/poligonos/onibus-reclamacao-de-descumprimento-de-partida-no-ponto-inicial-final.gpkg,962
2020,Trânsito e Transporte,Ônibus - Denúncia de direção inadequada ou perigosa de veículo,ponto,resultados/ultimos-6-meses/transito-e-transporte/poligonos/onibus-denuncia-de-direcao-inadequada-ou-perigosa-de-veiculo.gpkg,888
2020,Trânsito e Transporte,Ônibus - Denúncia de problemas no embarque/desembarque,ponto,resultados/ultimos-6-meses/transito-e-transporte/poligonos/onibus-denuncia-de-problemas-no-embarque-desembarque.gpkg,2131
2020,Trânsito e Transporte,"Ônibus - Elogio ao motorista, cobrador ou fiscal",ponto,resultados/ultimos-6-meses/transito-e-transporte/poligonos/onibus-elogio-ao-motorista-cobrador-ou-fiscal.gpkg,202
2020,Trânsito e Transporte,"Ônibus - Denúncia de conduta do motorista, cobrador ou fiscal",ponto,resultados/ultimos-6-meses/transito-e-transporte/poligonos/onibus-denuncia-de-conduta-do-motorista-cobrador-ou-fiscal.gpkg,3704
2020,Trânsito e Transporte,"Ciclovias, ciclofaixas e ciclorrotas - solicitar manutenção da sinalização e pintura",ponto,resultados/ultimos-6-meses/transito-e-transporte/poligonos/ciclovias-ciclofaixas-e-ciclorrotas-solicitar-manutencao-da-sinalizacao-e-pintura.gpkg,78
2020,Trânsito e Transporte,Reativação de um abrigo ou ponto que foi extinto,ponto,resultados/ultimos-6-meses/transito-e-transporte/poligonos/reativacao-de-um-abrigo-ou-ponto-que-foi-extinto.gpkg,45
2020,Trânsito e Transporte,Implantação de abrigo ou ponto de ônibus,ponto,resultados/ultimos-6-meses/transito-e-transporte/poligonos/implantacao-de-abrigo-ou-ponto-de-onibus.gpkg,296
2020,Trânsito e Transporte,Sinalização horizontal apagada (pintura de solo) – Solicitar repintura,ponto,resultados/ultimos-6-meses/transito-e-transporte/poligonos/sinalizacao-horizontal-apagada-pintura-de-solo-solicitar-repintura.gpkg,921
2020,Trânsito e Transporte,Ônibus - Manutenção do veículo em geral,ponto,resultados/ultimos-6-meses/transito-e-transporte/poligonos/onibus-manutencao-do-veiculo-em-geral.gpkg,260
2020,Trânsito e Transporte,Fiscalização de veículo estacionado em local proibido,ponto,resultados/ultimos-6-meses/transito-e-transporte/poligonos/fiscalizacao-de-veiculo-estacionado-em-local-proibido.gpkg,2005
2020,Trânsito e Transporte,Reclamação de problemas no olho vivo,ponto,resultados/ultimos-6-meses/transito-e-transporte/poligonos/reclamacao-de-problemas-no-olho-vivo.gpkg,22
2020,Trânsito e Transporte,"Manutenção, conserto e limpeza de ponto de ônibus",ponto,resultados/ultimos-6-meses/transito-e-transporte/poligonos/manutencao-conserto-e-limpeza-de-ponto-de-onibus.gpkg,244
2020,Trânsito e Transporte,Manutenção de placas de trânsito,ponto,resultados/ultimos-6-meses/transito-e-transporte/poligonos/manutencao-de-placas-de-transito.gpkg,941
2020,Trânsito e Transporte,Remanejamento de ponto de ônibus,ponto,resultados/ultimos-6-meses/transito-e-transporte/poligonos/remanejamento-de-ponto-de-onibus.gpkg,276
2020,Trânsito e Transporte,Reimplantação ou substituição de um ponto de ônibus do modelo antigo por um equipamento do modelo novo,ponto,resultados/ultimos-6-meses/transito-e-transporte/poligonos/reimplantacao-ou-substituicao-de-um-ponto-de-onibus-do-modelo-antigo-por-um-equipamento-do-modelo-novo.gpkg,99
2020,Trânsito e Transporte,Ônibus - Denúncia de alteração de itinerário ou ponto inicial/final,ponto,resultados/ultimos-6-meses/transito-e-transporte/poligonos/onibus-denuncia-de-alteracao-de-itinerario-ou-ponto-inicial-final.gpkg,210
2020,Trânsito e Transporte,SPTrans - Sugestão,ponto,resultados/ultimos-6-meses/transito-e-transporte/poligonos/sptrans-sugestao.gpkg,870
2020,Trânsito e Transporte,Ciclofaixas de lazer - Solicitar avaliação,ponto,resultados/ultimos-6-meses/transito-e-transporte/poligonos/ciclofaixas-de-lazer-solicitar-avaliacao.gpkg,12
2020,Trânsito e Transporte,Ônibus - Reclamação de veículo com superlotação,ponto,resultados/ultimos-6-meses/transito-e-transporte/poligonos/onibus-reclamacao-de-veiculo-com-superlotacao.gpkg,428
2020,Trânsito e Transporte,Ônibus - Alteração de itinerário ou ponto inicial/final,ponto,resultados/ultimos-6-meses/transito-e-transporte/poligonos/onibus-alteracao-de-itinerario-ou-ponto-inicial-final.gpkg,212
2020,Trânsito e Transporte,Reclamação de falta de limpeza de terminais de ônibus,ponto,resultados/ultimos-6-meses/transito-e-transporte/poligonos/reclamacao-de-falta-de-limpeza-de-terminais-de-onibus.gpkg,34
2020,Trânsito e Transporte,Criação de partida em horário específico,ponto,resultados/ultimos-6-meses/transito-e-transporte/poligonos/criacao-de-partida-em-horario-especifico.gpkg,14
2020,Trânsito e Transporte,Ônibus - Reclamação de demora na partida,ponto,resultados/ultimos-6-meses/transito-e-transporte/poligonos/onibus-reclamacao-de-demora-na-partida.gpkg,425
2020,Trânsito e Transporte,Reparo de problemas mecânicos,ponto,resultados/ultimos-6-meses/transito-e-transporte/poligonos/reparo-de-problemas-mecanicos.gpkg,35
2020,Trânsito e Transporte,Limpeza do ônibus,ponto,resultados/ultimos-6-meses/transito-e-transporte/poligonos/limpeza-do-onibus.gpkg,141
2020,Trânsito e Transporte,Reclamação de conduta de motorista do ATENDE,ponto,resultados/ultimos-6-meses/transito-e-transporte/poligonos/reclamacao-de-conduta-de-motorista-do-atende.gpkg,17
2020,Trânsito e Transporte,Reclamação de sinalização inadequada de terminais de ônibus,ponto,resultados/ultimos-6-meses/transito-e-transporte/poligonos/reclamacao-de-sinalizacao-inadequada-de-terminais-de-onibus.gpkg,17
2020,Trânsito e Transporte,Reclamação de filas e tumulto em terminais de ônibus,ponto,resultados/ultimos-6-meses/transito-e-transporte/poligonos/reclamacao-de-filas-e-tumulto-em-terminais-de-onibus.gpkg,124
2020,Trânsito e Transporte,Denúncia de veículo clandestino ou não credenciado,ponto,resultados/ultimos-6-meses/transito-e-transporte/poligonos/denuncia-de-veiculo-clandestino-ou-nao-credenciado.gpkg,11
2020,Trânsito e Transporte,Criação/reativação de linha de ônibus,ponto,resultados/ultimos-6-meses/transito-e-transporte/poligonos/criacao-reativacao-de-linha-de-onibus.gpkg,294
2020,Trânsito e Transporte,Reclamação de falta de comunicado nos ônibus,ponto,resultados/ultimos-6-meses/transito-e-transporte/poligonos/reclamacao-de-falta-de-comunicado-nos-onibus.gpkg,15
2020,Trânsito e Transporte,Reparo de catraca eletronica/ validador com falha,ponto,resultados/ultimos-6-meses/transito-e-transporte/poligonos/reparo-de-catraca-eletronica-validador-com-falha.gpkg,37
2020,Trânsito e Transporte,Elogio à empresa de ônibus,ponto,resultados/ultimos-6-meses/transito-e-transporte/poligonos/elogio-a-empresa-de-onibus.gpkg,16
2020,Trânsito e Transporte,Inclusão de veículo adaptado na linha,ponto,resultados/ultimos-6-meses/transito-e-transporte/poligonos/inclusao-de-veiculo-adaptado-na-linha.gpkg,16
2020,Trânsito e Transporte,Reclamação de descumprimento de horário de veículos adaptados,ponto,resultados/ultimos-6-meses/transito-e-transporte/poligonos/reclamacao-de-descumprimento-de-horario-de-veiculos-adaptados.gpkg,30
2020,Trânsito e Transporte,"Ciclovias, ciclofaixas e ciclorrotas - Sugerir implantação",ponto,resultados/ultimos-6-meses/transito-e-transporte/poligonos/ciclovias-ciclofaixas-e-ciclorrotas-sugerir-implantacao.gpkg,69
2020,Trânsito e Transporte,"Ciclovias, ciclofaixas e ciclorrotas - Solicitar avaliação da infraestrutura",ponto,resultados/ultimos-6-meses/transito-e-transporte/poligonos/ciclovias-ciclofaixas-e-ciclorrotas-solicitar-avaliacao-da-infraestrutura.gpkg,19
2020,Trânsito e Transporte,Painel de mensagens variáveis (PMV),ponto,resultados/ultimos-6-meses/transito-e-transporte/poligonos/painel-de-mensagens-variaveis-pmv.gpkg,6
2020,Trânsito e Transporte,Olho Vivo - Sugestão e elogio,ponto,resultados/ultimos-6-meses/transito-e-transporte/poligonos/olho-vivo-sugestao-e-elogio.gpkg,15
2020,Trânsito e Transporte,ATENDE - Comunicação sobre colisão de veículo do ATENDE,ponto,resultados/ultimos-6-meses/transito-e-transporte/poligonos/atende-comunicacao-sobre-colisao-de-veiculo-do-atende.gpkg,3
2020,Rua e bairro,Tapa-buraco,ponto,resultados/ultimos-6-meses/rua-e-bairro/poligonos/tapa-buraco.gpkg,41687
2020,Rua e bairro,"Solicitar limpeza de bueiros, boca de lobo e poços de visita",ponto,resultados/ultimos-6-meses/rua-e-bairro/poligonos/solicitar-limpeza-de-bueiros-boca-de-lobo-e-pocos-de-visita.gpkg,7558
2020,Rua e bairro,Capinação em guias e sarjetas,ponto,resultados/ultimos-6-meses/rua-e-bairro/poligonos/capinacao-em-guias-e-sarjetas.gpkg,4522
2020,Rua e bairro,(antigo) Reformar galerias de águas de chuvas (pluviais),ponto,resultados/ultimos-6-meses/rua-e-bairro/poligonos/antigo-reformar-galerias-de-aguas-de-chuvas-pluviais.gpkg,653
2020,Rua e bairro,Tapa-buraco em faixa exclusiva ou corredor de ônibus,ponto,resultados/ultimos-6-meses/rua-e-bairro/poligonos/tapa-buraco-em-faixa-exclusiva-ou-corredor-de-onibus.gpkg,420
2020,Rua e bairro,Pintura de guias e postes,ponto,resultados/ultimos-6-meses/rua-e-bairro/poligonos/pintura-de-guias-e-postes.gpkg,523
2020,Rua e bairro,Vistoria e reparo de pontes e viadutos,ponto,resultados/ultimos-6-meses/rua-e-bairro/poligonos/vistoria-e-reparo-de-pontes-e-viadutos.gpkg,115
2020,Rua e bairro,Reparo e manutenção de relógios de rua,ponto,resultados/ultimos-6-meses/rua-e-bairro/poligonos/reparo-e-manutencao-de-relogios-de-rua.gpkg,14
2020,Lixo e limpeza,Remoção de entulho em via pública,ponto,resultados/ultimos-6-meses/lixo-e-limpeza/poligonos/remocao-de-entulho-em-via-publica.gpkg,12941
2020,Lixo e limpeza,Remoção de grandes objetos em vias públicas,ponto,resultados/ultimos-6-meses/lixo-e-limpeza/poligonos/remocao-de-grandes-objetos-em-vias-publicas.gpkg,21676
2020,Lixo e limpeza,Reclamação de falta de limpeza de ruas após a feira,ponto,resultados/ultimos-6-meses/lixo-e-limpeza/poligonos/reclamacao-de-falta-de-limpeza-de-ruas-apos-a-feira.gpkg,176
2020,Lixo e limpeza,Reclamação de falta de varrição,ponto,resultados/ultimos-6-meses/lixo-e-limpeza/poligonos/reclamacao-de-falta-de-varricao.gpkg,7723
2020,Lixo e limpeza,Limpeza e conservação de monumentos públicos,ponto,resultados/ultimos-6-meses/lixo-e-limpeza/poligonos/limpeza-e-conservacao-de-monumentos-publicos.gpkg,87
2020,Lixo e limpeza,Reclamações sobre coleta de lixo domiciliar,ponto,resultados/ultimos-6-meses/lixo-e-limpeza/poligonos/reclamacoes-sobre-coleta-de-lixo-domiciliar.gpkg,2239
2020,Lixo e limpeza,Instalação de contêiner para coleta seletiva,ponto,resultados/ultimos-6-meses/lixo-e-limpeza/poligonos/instalacao-de-conteiner-para-coleta-seletiva.gpkg,258
2020,Lixo e limpeza,Instalação e remoção de lixeira,ponto,resultados/ultimos-6-meses/lixo-e-limpeza/poligonos/instalacao-e-remocao-de-lixeira.gpkg,3788
2020,Lixo e limpeza,Reclamação de não remoção dos sacos de varrição,ponto,resultados/ultimos-6-meses/lixo-e-limpeza/poligonos/reclamacao-de-nao-remocao-dos-sacos-de-varricao.gpkg,420
2020,Lixo e limpeza,Reclamações sobre coleta de resíduos de serviços de saúde,ponto,resultados/ultimos-6-meses/lixo-e-limpeza/poligonos/reclamacoes-sobre-coleta-de-residuos-de-servicos-de-saude.gpkg,435
2020,Lixo e limpeza,Denúncia de má conduta dos funcionários (motoristas /coletores),ponto,resultados/ultimos-6-meses/lixo-e-limpeza/poligonos/denuncia-de-ma-conduta-dos-funcionarios-motoristas-coletores.gpkg,192
2020,Lixo e limpeza,Reclamações sobre coleta seletiva,ponto,resultados/ultimos-6-meses/lixo-e-limpeza/poligonos/reclamacoes-sobre-coleta-seletiva.gpkg,606
2020,Lixo e limpeza,Lavagem especial de locais públicos,ponto,resultados/ultimos-6-meses/lixo-e-limpeza/poligonos/lavagem-especial-de-locais-publicos.gpkg,1230
2020,Lixo e limpeza,Instalação de contêiner para coleta de lixo domiciliar,ponto,resultados/ultimos-6-meses/lixo-e-limpeza/poligonos/instalacao-de-conteiner-para-coleta-de-lixo-domiciliar.gpkg,379
2020,Lixo e limpeza,Cata Bagulho - Reclamação de não retirada de material,ponto,resultados/ultimos-6-meses/lixo-e-limpeza/poligonos/cata-bagulho-reclamacao-de-nao-retirada-de-material.gpkg,1628
2020,Lixo e limpeza,Denúncia de má conduta dos funcionários de limpeza,ponto,resultados/ultimos-6-meses/lixo-e-limpeza/poligonos/denuncia-de-ma-conduta-dos-funcionarios-de-limpeza.gpkg,163
2020,Lixo e limpeza,Limpeza da via pública após enchentes ou eventos,ponto,resultados/ultimos-6-meses/lixo-e-limpeza/poligonos/limpeza-da-via-publica-apos-enchentes-ou-eventos.gpkg,175
2020,Lixo e limpeza,Ausência de coleta do contêiner para coleta seletiva,ponto,resultados/ultimos-6-meses/lixo-e-limpeza/poligonos/ausencia-de-coleta-do-conteiner-para-coleta-seletiva.gpkg,60
2020,Lixo e limpeza,Coleta seletiva - Solicitar manutenção de contêiner,ponto,resultados/ultimos-6-meses/lixo-e-limpeza/poligonos/coleta-seletiva-solicitar-manutencao-de-conteiner.gpkg,47
2020,Lixo e limpeza,Selo de identificação de estabelecimento gerador de resíduos de saúde – 1ª e 2ª via,ponto,resultados/ultimos-6-meses/lixo-e-limpeza/poligonos/selo-de-identificacao-de-estabelecimento-gerador-de-residuos-de-saude-1a-e-2a-via.gpkg,141
2020,Lixo e limpeza,Implantação de coleta porta-porta,ponto,resultados/ultimos-6-meses/lixo-e-limpeza/poligonos/implantacao-de-coleta-porta-porta.gpkg,157
2020,Lixo e limpeza,Remoção de contêiner para coleta de lixo domiciliar,ponto,resultados/ultimos-6-meses/lixo-e-limpeza/poligonos/remocao-de-conteiner-para-coleta-de-lixo-domiciliar.gpkg,147
2020,Lixo e limpeza,Conserto de lixeira,ponto,resultados/ultimos-6-meses/lixo-e-limpeza/poligonos/conserto-de-lixeira.gpkg,98
2020,Lixo e limpeza,Manutenção de contêiner de resíduos do serviço de saúde,ponto,resultados/ultimos-6-meses/lixo-e-limpeza/poligonos/manutencao-de-conteiner-de-residuos-do-servico-de-saude.gpkg,7
2020,Lixo e limpeza,Remoção do contêiner de coleta seletiva,ponto,resultados/ultimos-6-meses/lixo-e-limpeza/poligonos/remocao-do-conteiner-de-coleta-seletiva.gpkg,42
2020,Lixo e limpeza,Reclamação de falta de lavagem de calçadões,ponto,resultados/ultimos-6-meses/lixo-e-limpeza/poligonos/reclamacao-de-falta-de-lavagem-de-calcadoes.gpkg,87
2020,Animais,Avisar  sobre animal encontrado com Registro Geral do Animal (RGA),ponto,resultados/ultimos-6-meses/animais/poligonos/avisar-sobre-animal-encontrado-com-registro-geral-do-animal-rga.gpkg,67
2020,Animais,Vistoria de colmeia/vespeiro instalado,ponto,resultados/ultimos-6-meses/animais/poligonos/vistoria-de-colmeia-vespeiro-instalado.gpkg,2883
2020,Animais,Morcego - Reclamar sobre local com morcego,ponto,resultados/ultimos-6-meses/animais/poligonos/morcego-reclamar-sobre-local-com-morcego.gpkg,650
2020,Animais,Avisar sobre animal agressor em vias públicas,ponto,resultados/ultimos-6-meses/animais/poligonos/avisar-sobre-animal-agressor-em-vias-publicas.gpkg,455
2020,Animais,Avaliação de animal em sofrimento sem proprietário para eutanásia (morte sem dor),ponto,resultados/ultimos-6-meses/animais/poligonos/avaliacao-de-animal-em-sofrimento-sem-proprietario-para-eutanasia-morte-sem-dor.gpkg,506
2020,Animais,Remoção de animal morto em via pública,ponto,resultados/ultimos-6-meses/animais/poligonos/remocao-de-animal-morto-em-via-publica.gpkg,1246
2020,Animais,Solicitar avaliação de local com pernilongo/mosquito,ponto,resultados/ultimos-6-meses/animais/poligonos/solicitar-avaliacao-de-local-com-pernilongo-mosquito.gpkg,2211
2020,Animais,Animal de grande porte solto - Solicitar remoção,ponto,resultados/ultimos-6-meses/animais/poligonos/animal-de-grande-porte-solto-solicitar-remocao.gpkg,65
2020,Urgência,Queda de árvore,ponto,resultados/ultimos-6-meses/urgencia/poligonos/queda-de-arvore.gpkg,947
2020,Urgência,Queda de galho,ponto,resultados/ultimos-6-meses/urgencia/poligonos/queda-de-galho.gpkg,574
2020,Urgência,Erosão,ponto,resultados/ultimos-6-meses/urgencia/poligonos/erosao.gpkg,147
2020,Urgência,[Solicitado pela Defesa Civil - uso interno] Apoio a órgãos públicos,ponto,resultados/ultimos-6-meses/urgencia/poligonos/solicitado-pela-defesa-civil-uso-interno-apoio-a-orgaos-publicos.gpkg,141
2020,Urgência,Rompimento de galeria de águas pluviais,ponto,resultados/ultimos-6-meses/urgencia/poligonos/rompimento-de-galeria-de-aguas-pluviais.gpkg,47
2020,Urgência,Explosão,ponto,resultados/ultimos-6-meses/urgencia/poligonos/explosao.gpkg,4
2020,Bilhete Único,Comunicação de erro em cobrança de integração (ônibus e metrô ou trem),ponto,resultados/ultimos-6-meses/bilhete-unico/poligonos/comunicacao-de-erro-em-cobranca-de-integracao-onibus-e-metro-ou-trem.gpkg,1719
2020,Bilhete Único,Bilhete Único - Falha na recarga,ponto,resultados/ultimos-6-meses/bilhete-unico/poligonos/bilhete-unico-falha-na-recarga.gpkg,229
2020,Bilhete Único,Comunicação de problema em posto de recarga,ponto,resultados/ultimos-6-meses/bilhete-unico/poligonos/comunicacao-de-problema-em-posto-de-recarga.gpkg,174
2020,Bilhete Único,Comunicação de ponto de venda de crédito clandestino,ponto,resultados/ultimos-6-meses/bilhete-unico/poligonos/comunicacao-de-ponto-de-venda-de-credito-clandestino.gpkg,21
2020,Meio Ambiente,Sugerir obras de drenagem em córregos,ponto,resultados/ultimos-6-meses/meio-ambiente/poligonos/sugerir-obras-de-drenagem-em-corregos.gpkg,88
