Acessibilidade,Acessibilidade Digital,Selo de Acessibilidade Digital,38
Acessibilidade,Acessibilidade em edificações,Fiscalização de acessibilidade em edificações,1741
Acessibilidade,Instalações físicas e equipamentos acessíveis,Reclamação de falta de cadeira de rodas em supermercado,6
Acessibilidade,Instalações físicas e equipamentos acessíveis,Reclamação de falta de mobiliário adequado,108
Animais,Animais que podem causar doenças e/ou agravos à saúde,Avaliação de local com pernilongo/mosquito,14231
Animais,Animais que podem causar doenças e/ou agravos à saúde,Denúncia de local com escorpião,5782
Animais,Animais que podem causar doenças e/ou agravos à saúde,Denúncia de local com pombos,6373
Animais,Animais que podem causar doenças e/ou agravos à saúde,Denúncia de local com roedores/ratos,32048
Animais,Animais que podem causar doenças e/ou agravos à saúde,Reclamação de local com morcego,4374
Animais,Animais que podem causar doenças e/ou agravos à saúde,Vistoria de colmeia/vespeiro instalado,46990
Animais,Animais silvestres,Entrega voluntária de animais silvestres,219
Animais,Animais silvestres,Resgate de animais silvestres acidentados ou feridos,1503
Animais,Animal agressor e/ou invasor,Avaliação de animal agressor em vias públicas,14438
Animais,Animal agressor e/ou invasor,Avaliação de animal invasor de instituições públicas (cães e gatos),4278
Animais,Animal em via pública,Avaliação de animal em sofrimento sem proprietário para eutanásia (morte sem dor),12896
Animais,Animal em via pública,Remoção de animal de grande porte solto,1604
Animais,Animal em via pública,Remoção de animal morto em via pública,16625
Animais,Criação inadequada de animais,Denúncia de condições inadequadas de criação,33805
Animais,Registro de animais - RGA,Animal encontrado com registro geral do animal (RGA),504
Bilhete Único,BU Cobrança Carga e Recarga,Bilhete Único - Falha na recarga,3035
Bilhete Único,BU Cobrança Carga e Recarga,Comunicação de erro em cobrança de integração (ônibus e metrô ou trem),13661
Bilhete Único,BU Cobrança Carga e Recarga,Comunicação de ponto de venda de crédito clandestino,631
Bilhete Único,BU Cobrança Carga e Recarga,Comunicação de problema em posto de recarga,8741
Bilhete Único,BU Cobrança Carga e Recarga,Implantação de pontos de venda e recarga em estabelecimentos comerciais,601
Bilhete Único,BU Comum,Bilhete Único Comum -  Alteração de nome civil para nome social,36
Bilhete Único,BU Comum,Bilhete Único Comum - Alteração de tipo de crédito adquirido,246
Bilhete Único,BU Comum,Bilhete Único Comum - Correção de dado cadastral,6574
Bilhete Único,BU Comum,Bilhete Único Comum - Solicitação de relatório de utilização ou recarga,1335
Bilhete Único,BU Comum,Bilhete único vale transporte,11
Bilhete Único,BU Comum,Problemas no cadastro,6596
Bilhete Único,BU Estudante e Professor,Bilhete Único Estudante - Adequação de modalidade para estudante que trabalha,1354
Bilhete Único,BU Estudante e Professor,Bilhete Único Estudante - Apresentação de justificativa após bloqueio por reconhecimento facial,9302
Bilhete Único,BU Estudante e Professor,Bilhete Único Estudante - Bloqueio por  GIS,1339
Bilhete Único,BU Estudante e Professor,Bilhete Único Estudante - Inclusão de mais um tipo de modalidade (ônibus ou metrô/CPTM) na cota mensal,1498
Bilhete Único,BU Estudante e Professor,Bilhete Único Estudante - Liberação de gratuidade mensal,15593
Bilhete Único,BU Estudante e Professor,Bilhete Único Estudante ou Professor - Cancelamento de revalidação indevida,196
Bilhete Único,BU Estudante e Professor,Bilhete Único Estudante ou Professor - Comunicação de extravio de bilhete por escola,258
Bilhete Único,BU Estudante e Professor,Bilhete Único Estudante ou Professor - Correção de dado cadastral,5175
Bilhete Único,BU Estudante e Professor,Bilhete Único Estudante ou Professor - Inclusão de cotas para quem estuda ou trabalha em duas escolas,3093
Bilhete Único,BU Estudante e Professor,Bilhete Único Estudante ou Professor - Solicitação de reembolso ou complemento de pagamento indevido,335
Bilhete Único,BU Estudante e Professor,Bilhete Único Estudante ou Professor - Solicitação de relatório de utilização ou recarga,260
Bilhete Único,BU Estudante e Professor,Bilhete Único Estudante ou Professor - Suporte ao usuário sobre boleto,892
Bilhete Único,BU Estudante e Professor,Bilhete Único Estudante ou Professor - Suporte às escolas,3400
Bilhete Único,BU Estudante e Professor,Bilhete Único Estudante ou Professor  Alteração de nome civil para nome social,16
Bilhete Único,BU Estudante e Professor,Bilhete Único Estudante ou Professor  Alteração de tipo de crédito adquirido,56
Bilhete Único,BU Idoso e PCD,Bilhete Único - Denúncia de uso irregular,178
Bilhete Único,BU Idoso e PCD,Bilhete Único Idoso ou Pessoa com Deficiência - Alteração de nome civil para nome social,93
Bilhete Único,BU Idoso e PCD,Bilhete Único Idoso ou Pessoa com Deficiência - Apresentação de justificativa após bloqueio por reconhecimento facial,934
Bilhete Único,BU Idoso e PCD,Bilhete Único Idoso ou Pessoa com Deficiência - Correção de dado cadastral,272
Bilhete Único,BU Idoso e PCD,Bilhete Único Idoso ou Pessoa com Deficiência - Envio de documento complementar,25
Bilhete Único,BU Idoso e PCD,Bilhete Único Idoso ou Pessoa com Deficiência - Solicitação de relatório de utilização ou recarga,93
Bilhete Único,Vale Transporte,Loja Virtual  Alterar e-mail no cadastro,12
Bilhete Único,Vale Transporte,Loja Virtual  Associar cartão de Bilhete Único a cadastro de funcionário(a),78
Bilhete Único,Vale Transporte,Loja Virtual  Transferir créditos de Vale Transporte,183
Bilhete Único,Vale Transporte,Vale Transporte - Alteração de tipo de crédito adquirido,46
Bilhete Único,Vale Transporte,Vale Transporte - Correção de dado cadastral,1322
Bilhete Único,Vale Transporte,Vale Transporte - Reclamação de crédito adquirido e não disponibilizado,333
Bilhete Único,Vale Transporte,Vale Transporte - Solicitação de reembolso ou complemento de pagamento indevido,284
Bilhete Único,Vale Transporte,Vale Transporte - Solicitação de relatório de utilização ou recarga,4558
Bilhete Único,Vale Transporte,Vale Transporte - Suporte ao usuário sobre boleto,255
Canais de Atendimento,Central 156,Central 156 - Elogio,1976
Canais de Atendimento,Central 156,Central 156 - Reclamação,6334
Canais de Atendimento,Central 156,Central 156 - Sugestão,985
Canais de Atendimento,Descomplica SP - Butantã,Cópia de Descomplica SP Butantã - Elogio,1
Canais de Atendimento,Descomplica SP - Butantã,Descomplica SP Butantã - Elogio,79
Canais de Atendimento,Descomplica SP - Butantã,Descomplica SP Butantã - Reclamação,8
Canais de Atendimento,Descomplica SP - Butantã,Descomplica SP Butantã - Sugestão,5
Canais de Atendimento,Descomplica SP - Campo Limpo,Descomplica SP Campo Limpo - Elogio,258
Canais de Atendimento,Descomplica SP - Campo Limpo,Descomplica SP Campo Limpo - Reclamação,55
Canais de Atendimento,Descomplica SP - Campo Limpo,Descomplica SP Campo Limpo - Sugestão,37
Canais de Atendimento,Descomplica SP - Santana/Tucuruvi,Descomplica SP Santana/Tucuruvi - Elogio,38
Canais de Atendimento,Descomplica SP - Santana/Tucuruvi,Descomplica SP Santana/Tucuruvi - Reclamação,11
Canais de Atendimento,Descomplica SP - Santana/Tucuruvi,Descomplica SP Santana/Tucuruvi - Sugestão,2
Canais de Atendimento,Descomplica SP - São Miguel,Descomplica SP São Miguel Paulista - Elogio,570
Canais de Atendimento,Descomplica SP - São Miguel,Descomplica SP São Miguel Paulista - Reclamação,196
Canais de Atendimento,Descomplica SP - São Miguel,Descomplica SP São Miguel Paulista - Sugestão,61
Canais de Atendimento,Portal SP156,Corrigir cadastro no Portal SP156,3420
Cidadania e assistência social,Atendimento especializado para defesa de direitos,Atendimento especializado para defesa de direitos,263
Cidadania e assistência social,Cadastro Único (CadÚnico),Consulta ao número do meu NIS,2
Cidadania e assistência social,"Criança, adolescente e jovem",Denunciar atendimento irregular dos conselhos tutelares,8
Cidadania e assistência social,"Criança, adolescente e jovem",Denunciar negligência e abandono de criança ou adolescente,613
Cidadania e assistência social,"Criança, adolescente e jovem",Denunciar violência e discriminação contra jovens,13
Cidadania e assistência social,"Criança, adolescente e jovem",Denunciar violência e maus tratos de criança ou adolescente,10
Cidadania e assistência social,"Criança, adolescente e jovem",Denunciar violência física e maus tratos de criança ou adolescente,477
Cidadania e assistência social,"Criança, adolescente e jovem",Denunciar violência psicológica e bullying com crianças e adolescentes,11
Cidadania e assistência social,"Criança, adolescente e jovem",Denúncia de exploração sexual de crianças e adolescentes,29
Cidadania e assistência social,"Criança, adolescente e jovem",Denúncia de trabalho infantil,291
Cidadania e assistência social,Crimes contra a vida,Denunciar apologia e incitação a crimes contra a vida,1
Cidadania e assistência social,Crimes contra a vida,Denunciar violação de direitos cometidos durante a ditadura,5
Cidadania e assistência social,Crimes contra a vida,Denunciar violência e discriminação em equipamentos e serviços públicos,24
Cidadania e assistência social,Drogas,Denunciar violência e discriminação contra pessoa usuária de drogas,7
Cidadania e assistência social,Imigrante,Denunciar dificuldade de acesso a direitos e serviços públicos,15
Cidadania e assistência social,Imigrante,Denunciar trabalho escravo,28
Cidadania e assistência social,Imigrante,Denunciar tráfico de pessoas,12
Cidadania e assistência social,Imigrante,Denunciar violência e discriminação contra imigrante,4
Cidadania e assistência social,LGBTI,Denunciar violência e discriminação contra pessoa LGBTI,7
Cidadania e assistência social,LGBTI,Denúncia de tráfico e exploração sexual de população LGBTI,1
Cidadania e assistência social,LGBTI,Programa Transcidadania - Inscrição,4
Cidadania e assistência social,LGBTI,Programa Transcidadania - Reclamações e Denúncias,51
Cidadania e assistência social,Leve Leite,Leve leite - Denúncia de venda ou desvio do leite,21
Cidadania e assistência social,Mulher,Denunciar exploração sexual,13
Cidadania e assistência social,Mulher,Denunciar violência contra mulher,17
Cidadania e assistência social,Outras reclamações e denúncias,Reclamação do Atendimento nos Serviços da Secretaria de Assistência Social - SMADS,565
Cidadania e assistência social,Pessoa desaparecida,Solicitar apoio para busca de pessoa desaparecida,15
Cidadania e assistência social,Pessoa idosa,Denunciar abuso financeiro e econômico de pessoa idosa,93
Cidadania e assistência social,Pessoa idosa,Denunciar omissão de cuidados e abandono de pessoa idosa,112
Cidadania e assistência social,Pessoa idosa,Denunciar violência e maus tratos de pessoa idosa,169
Cidadania e assistência social,Pessoa idosa,Denunciar violência física e maus tratos de pessoa idosa,353
Cidadania e assistência social,Pessoa idosa,Denúncia de humilhação e discriminação,259
Cidadania e assistência social,Pessoa idosa,Denúncia de violência psicológica ou omissão de cuidados de pessoa idosa,95
Cidadania e assistência social,Pessoa idosa,Jogos Municipais da Pessoa Idosa,4
Cidadania e assistência social,Pessoa idosa,Universidade Aberta para Pessoa Idosa,2
Cidadania e assistência social,População ou pessoa em situação de rua,Cópia de Serviço Especializado de Abordagem Social às Pessoas em Situação de Rua - SEAS,1
Cidadania e assistência social,População ou pessoa em situação de rua,Denunciar irregularidade nos serviços para população em situação de rua,1475
Cidadania e assistência social,População ou pessoa em situação de rua,Denunciar violência e discriminação contra pessoa em situação de rua,40
Cidadania e assistência social,População ou pessoa em situação de rua,Denúncia de discriminação contra pessoa em situação de rua,40
Cidadania e assistência social,População ou pessoa em situação de rua,Serviço Especializado de Abordagem Social às Pessoas em Situação de Rua - SEAS,373411
Cidadania e assistência social,População ou pessoa em situação de rua,Serviços de Acolhida às Pessoas em Situação de Rua,2302
Cidadania e assistência social,Programa Ação Jovem,Programa Ação Jovem -  Denúncia de cadastramento/recebimento de benefício indevido,32
Cidadania e assistência social,Programa Ação Jovem,Programa Ação Jovem - Reclamação de mau atendimento nos postos de atendimento,41
Cidadania e assistência social,Programa Ação Jovem,Programa Ação Jovem - Reclamação de problemas com o benefício,69
Cidadania e assistência social,Programa Bolsa Família,Programa Bolsa Família -  Denúncia de cadastramento/recebimento de benefício indevido,615
Cidadania e assistência social,Programa Bolsa Família,Programa Bolsa Família - Reclamação de mau atendimento nos postos de atendimento,860
Cidadania e assistência social,Programa Bolsa Família,Programa Bolsa Família - Reclamação de problemas com o benefício,446
Cidadania e assistência social,Programa Renda Cidadã,Programa Renda Cidadã -  Denúncia de cadastramento/recebimento de benefício indevido,139
Cidadania e assistência social,Programa Renda Cidadã,Programa Renda Cidadã - Reclamação de mau atendimento nos postos de atendimento,13
Cidadania e assistência social,Programa Renda Cidadã,Programa Renda Cidadã - Reclamação de problemas com o benefício,209
Cidadania e assistência social,Programa Renda Mínima,Programa Renda Mínima -  Denúncia de cadastramento/recebimento de benefício indevido,365
Cidadania e assistência social,Programa Renda Mínima,Programa Renda Mínima - Reclamação de mau atendimento nos postos de atendimento,55
Cidadania e assistência social,Programa Renda Mínima,Programa Renda Mínima - Reclamação de problemas com o benefício,102
Cidadania e assistência social,Programa de Erradicação do Trabalho Infantil (PETI),Programa de Erradicação do Trabalho Infantil (PETI) -  Denúncia de cadastramento/recebimento de benefício indevido,3
Cidadania e assistência social,Programa de Erradicação do Trabalho Infantil (PETI),Programa de Erradicação do Trabalho Infantil (PETI) - Reclamação de mau atendimento nos postos de atendimento,8
Cidadania e assistência social,"Questões raciais, étnicas e religiosas",Denunciar intolerância religiosa,4
Cidadania e assistência social,"Questões raciais, étnicas e religiosas",Denunciar racismo,26
Comércio e serviços,Comida de rua e foodtruck,Fiscalização de comida de rua e foodtruck,846
Comércio e serviços,"Estabelecimentos comerciais, indústrias e serviços",Fiscalização de comida de rua,1406
Comércio e serviços,"Estabelecimentos comerciais, indústrias e serviços","Fiscalização de comércio, serviço e indústria   funcionamento e operação",60214
Comércio e serviços,"Estabelecimentos comerciais, indústrias e serviços",Fiscalização de licença de funcionamento de indústrias,2754
Comércio e serviços,"Estabelecimentos comerciais, indústrias e serviços",Fiscalização de licença de funcionamento de posto de combustível,460
Comércio e serviços,"Estabelecimentos comerciais, indústrias e serviços",Fiscalização em estabelecimento com venda de bebida alcoólica entre 1h e 5h da manhã,3372
"Cultura, esporte e lazer",Carnaval,Carnaval,17
"Cultura, esporte e lazer",Fomento a criação artística,Fomento ao circo - Inscrever projetos,106
"Cultura, esporte e lazer",Instalações esportivas,Instalação e manutenção de campo de futebol em área municipal,383
"Cultura, esporte e lazer",WiFi Livre SP,WiFi Livre SP - Reclamação de problemas na conexão,307
"Cultura, esporte e lazer",WiFi Livre SP,WiFi Livre SP - Sugestão de localidade para a instalação,277
Documentos e licenças,Desapropriação,Dúvidas sobre desapropriações,38
Documentos e licenças,Processos administrativos,Vistas de processos,37414
Educação,Alimentação escolar,Alimentação escolar - Reclamar sobre alimentação nas unidades,192
Educação,Alimentação escolar,Alimentação escolar - Sugerir cardápio,8
Educação,Alimentação escolar,Sugestão de cardápio,15
Educação,CEUS,Denúncia de ausência de segurança no CEU,13
Educação,Comunicação,Comunicado de erros no portal da Secretaria de Educação,14
Educação,Comunicação,Sugestões de conteúdo para o Portal da Secretaria de Educação,19
Educação,Leve Leite,Entrega do Leve Leite,10
Educação,Leve Leite,Leve Leite - Denúncia de venda ou desvio de leite,396
Educação,Leve Leite,Leve Leite - Reclamação de não entrega do leite,16088
Educação,Leve Leite,Leve leite- - Reclamação de não entrega do leite,975
Educação,Leve Leite,Reclamação da qualidade do leite,159
Educação,Material e uniforme escolar,Material Escolar - Reclamar de atraso ou erro na entrega,111
Educação,Material e uniforme escolar,Uniforme Escolar - Reclamar de atraso na entrega,262
Educação,Material e uniforme escolar,Uniforme escolar -  Reclamar de erro no tamanho do uniforme recebido,65
Educação,Má conduta de funcionários,Denúncia de má conduta de profissionais da educação,398
Educação,Má conduta de funcionários,Denúncia de má conduta de profissionais nos CEUs ou escolas,14
Educação,Má conduta de funcionários,Reclamação de mau atendimento na escola ou na secretaria,25
Educação,Transporte escolar,Reclamação de conduta inadequada do motorista,2
Educação,Transporte escolar,Reclamação do veículo escolar,2
Educação,Transporte escolar,Reclamações do transporte escolar,31
Educação,Unidades escolares,Denunciar irregularidades em creches conveniadas,171
Educação,Unidades escolares,Denunciar má conduta de profissionais da educação,61
Finanças,Agendamento eletrônico,Agendamento Eletrônico  Fale com a Fazenda,1559
Finanças,Autos de Infração,Autos de Infração - Fale com a Fazenda,57
Finanças,CADIN - Cadastro Informativo Municipal,CADIN - Fale com a Fazenda,158
Finanças,CCM - Cadastro de Contribuintes Mobiliários,CCM (Cadastro de Contribuintes Mobiliários) - Inscrição através do Empreenda Fácil,3
Finanças,CCM - Cadastro de Contribuintes Mobiliários,CCM (Cadastro de Contribuintes Mobiliários)  Fale com a Fazenda,2866
Finanças,CPOM - Cadastro de Prestadores de serviços de Outro Município,CPOM - Fale com a Fazenda,367
Finanças,Certidões,Emissão de Certidões - Fale com a Fazenda,706
Finanças,Consulta de débitos e DUC,DUC - Fale com a Fazenda,11
Finanças,Devoluções e Restituições,Devoluções e Restituições  Fale com a Fazenda,17
Finanças,ISS - Imposto Sobre Serviços,ISS - Fale com a Fazenda,803
Finanças,ITBI -  Imposto sobre a Transmissão de Bens Imóveis,ITBI - Fale com a Fazenda,269
Finanças,Nota do Milhão,Nota do Milhão - Fale com a Fazenda,1474
Finanças,Parcelamento de tributos,Parcelamento de Tributos - Fale com a Fazenda,96
Finanças,Senha Web,Senha Web - Fale com a Fazenda,412
Finanças,Taxas mobiliárias,Taxas Mobiliárias  Fale com a Fazenda,425
Finanças,Vista de Processos - Secretaria Municipal da Fazenda,Vista de Processos Administrativos na Secretaria Municipal da Fazenda,32
Lixo e limpeza,Aterro sanitário,Denúncia de descarte irregular de lixo no aterro sanitário,69
Lixo e limpeza,Coleta de lixo domiciliar,Denúncia de colocação de lixo domiciliar fora do horário de coleta,7513
Lixo e limpeza,Coleta de lixo domiciliar,Denúncia de pessoa ateando fogo no lixo,1242
Lixo e limpeza,Coleta de lixo domiciliar,Instalação de contêiner para coleta de lixo domiciliar,2860
Lixo e limpeza,Coleta de lixo domiciliar,Reclamações sobre coleta de lixo domiciliar,24805
Lixo e limpeza,Coleta de lixo domiciliar,Remoção de contêiner para coleta de lixo domiciliar,1378
Lixo e limpeza,Coleta de resíduos de serviços de saúde,Denúncia de estabelecimento gerador de resíduos de saúde não cadastrado,122
Lixo e limpeza,Coleta de resíduos de serviços de saúde,Manutenção de caminhão de lixo,6333
Lixo e limpeza,Coleta de resíduos de serviços de saúde,Manutenção de contêiner de resíduos do serviço de saúde,79
Lixo e limpeza,Coleta de resíduos de serviços de saúde,Reclamações sobre coleta de resíduos de serviços de saúde,1610
Lixo e limpeza,Coleta de resíduos de serviços de saúde,Selo de identificação de estabelecimento gerador de resíduos de saúde  1ª e 2ª via,625
Lixo e limpeza,Coleta seletiva,Ausência de coleta do contêiner para coleta seletiva,515
Lixo e limpeza,Coleta seletiva,Denúncia de colocação de lixo reciclável fora do horário de coleta,463
Lixo e limpeza,Coleta seletiva,Implantação de coleta porta-porta,1352
Lixo e limpeza,Coleta seletiva,Instalação de contêiner para coleta seletiva,1582
Lixo e limpeza,Coleta seletiva,Manutenção do contêiner de coleta seletiva,252
Lixo e limpeza,Coleta seletiva,Reclamações sobre coleta seletiva,5922
Lixo e limpeza,Coleta seletiva,Remoção do contêiner de coleta seletiva,258
Lixo e limpeza,Coleta seletiva,Roubo do contêiner de coleta seletiva,11
Lixo e limpeza,Conduta de funcionários,Conduta de funcionários - Elogio,124
Lixo e limpeza,Conduta de funcionários,Denúncia de má conduta dos funcionários (motoristas /coletores),5261
Lixo e limpeza,Conduta de funcionários,Denúncia de má conduta dos funcionários de limpeza,1866
Lixo e limpeza,Ecoponto,Ecoponto - o que é?,75
Lixo e limpeza,Ecoponto,Reclamações sobre ecoponto,1286
Lixo e limpeza,Entulho e caçambas de entulho,Denúncia de caçamba de entulho,3735
Lixo e limpeza,Feira Livre,Fiscalização de feira livre,3257
Lixo e limpeza,Feira Livre,Reclamação de falta de limpeza de ruas após a feira,2568
Lixo e limpeza,Ferro velho,Denúncia de ferro velho irregular,803
Lixo e limpeza,"Grande gerador de resíduos (serviço, comércio, indústria)",Denúncia de grande gerador de resíduos colocando lixo na coleta normal,2581
Lixo e limpeza,Lixeiras Públicas,Conserto de lixeira,1980
Lixo e limpeza,Lixeiras Públicas,Instalação e remoção de lixeira,17671
Lixo e limpeza,Lixeiras Públicas,Limpar lixeiras públicas,3615
Lixo e limpeza,Lixão clandestino,Denúncia de lixão clandestino,3011
Lixo e limpeza,"Ponto viciado, entulho e caçamba de entulho",Denúncia de caçamba de entulho de obra/construção,4137
Lixo e limpeza,"Ponto viciado, entulho e caçamba de entulho",Fiscalização de descarte irregular de entulho e outros resíduos em área pública,74739
Lixo e limpeza,"Ponto viciado, entulho e caçamba de entulho",Remoção de entulho em via pública,81388
Lixo e limpeza,Publicidade e poluição visual,Denúncia de panfletagem irregular,276
Lixo e limpeza,Publicidade e poluição visual,Fiscalização de publicidade irregular,732
Lixo e limpeza,Publicidade e poluição visual,Remoção de propaganda irregular,2602
Lixo e limpeza,Reciclagem,Denúncia de reciclagem irregular,26522
Lixo e limpeza,Remoção de grandes objetos,Cata Bagulho - Reclamação de não retirada de material,14566
Lixo e limpeza,Remoção de grandes objetos,Reclamação de não retirada de material,58562
Lixo e limpeza,Remoção de grandes objetos,Remoção de grandes objetos em vias públicas,84244
Lixo e limpeza,Varrição e limpeza urbana,Denúncia de calçada particular suja/sem limpeza adequada,3404
Lixo e limpeza,Varrição e limpeza urbana,Denúncia de falta de limpeza em imóveis particulares,5843
Lixo e limpeza,Varrição e limpeza urbana,Denúncia de lavagem de calçada fora de horário,124
Lixo e limpeza,Varrição e limpeza urbana,Lavagem especial de locais públicos,2477
Lixo e limpeza,Varrição e limpeza urbana,Limpeza da via pública após enchentes ou eventos,7908
Lixo e limpeza,Varrição e limpeza urbana,Limpeza e conservação de monumentos públicos,348
Lixo e limpeza,Varrição e limpeza urbana,Reclamação de falta de lavagem de calçadões,284
Lixo e limpeza,Varrição e limpeza urbana,Reclamação de falta de varrição,77099
Lixo e limpeza,Varrição e limpeza urbana,Reclamação de não remoção dos sacos de varrição,5234
Lixo e limpeza,Varrição e limpeza urbana,Varrição de vias - incluir programação,458
Localizacao de tumulo,Localizacao de tumulo,Localizacao de tumulo,1
Meio Ambiente,Licenciamento Ambiental,Consulta ao Cadastro de Antenas de Telefonia Celular,1
Meio Ambiente,Ocupação Irregular,Denúncia de ocupação irregular de área verde localizada em área privada dentro do município,410
Meio Ambiente,Parques,Denúncia sobre o mau uso do parque por usuários,482
Meio Ambiente,Parques,Manutenção e limpeza de parques públicos municipais,2209
Meio Ambiente,Parques,Poda ou remoção de árvores ou vegetação em parques,1575
Meio Ambiente,Parques,Reclamação de má-conduta de funcionários de parques,88
Meio Ambiente,Poluição do Ar,Denúncia de cheiro forte causando incômodo,1637
Meio Ambiente,Poluição do Ar,Denúncia de fumaça/ fuligem /material particulado,1616
Meio Ambiente,Rios e Córregos,Denúncia de despejo irregular de esgoto ou outros poluentes de águas dentro dos limites do município,796
Meio Ambiente,Rios e Córregos,Denúncia de represamento ou aterramento de rio ou córrego,123
Meio Ambiente,Sacolinhas Plásticas,Denúncia de distribuição de sacolas plásticas irregulares,233
Meio Ambiente,Água Subterrânea/Curso d'Água,Denúncia de retirada e uso de água subterrânea sem autorização,145
Meio Ambiente,Áreas Contaminadas,Pedido de esclarecimento sobre áreas contaminadas no município de São Paulo,29
Meio Ambiente,Áreas Contaminadas,Vistas de processos Grupo Técnico de Áreas Contaminadas (GTAC),10
"Obras, imóveis e habitação","Elevador, escada rolante, esteira rolante, plataforma de elevação","Denúncia de condições inadequadas de equipamentos de transportes (elevadores, escadas rolantes, plataforma de elevação vertical)",482
"Obras, imóveis e habitação",Fiscalização de obras,Denúncia de estande de venda irregular,86
"Obras, imóveis e habitação",Fiscalização de obras,"Denúncia de janela ou abertura a menos de 1,50m do vizinho",1754
"Obras, imóveis e habitação",Fiscalização de obras,Denúncia de material de construção depositado por mais de 2 dias em vias públicas,348
"Obras, imóveis e habitação",Fiscalização de obras,Denúncia de preparo de concreto na calçada ou rua,244
"Obras, imóveis e habitação",Fiscalização de obras,Fiscalização de obra e reforma em imóvel particular,63046
"Obras, imóveis e habitação",Fiscalização de obras,Fiscalização de obras na via,3226
"Obras, imóveis e habitação",IPTU - Imposto Predial e Territorial Urbano,IPTU - Fale com a Fazenda,1214
"Obras, imóveis e habitação","Locais com lotação superior a 250 pessoas (cinemas, teatros, casas de shows)",Denúncia de irregularidade em locais com lotação superior a 250 pessoas,2006
"Obras, imóveis e habitação",Segurança de edificação,Denúncia de edificação não adaptada às normas de segurança,10532
Ouvidoria Geral do Município,Ouvidoria Geral do Município,Denúncia,3374
Ouvidoria Geral do Município,Ouvidoria Geral do Município,Documentos (uso exclusivo de servidores da OGM),4494
Ouvidoria Geral do Município,Ouvidoria Geral do Município,Reclamação,63312
Ouvidoria Geral do Município,Ouvidoria Geral do Município,Solicitação,9639
Ouvidoria Geral do Município,Ouvidoria Geral do Município,Sugestão/Crítica,1
Rua e bairro,Ambulantes,Fiscalização de ambulantes,13212
Rua e bairro,"Calçadas, guias e postes","Denúncia de calçada particular irregular, danificada ou inexistente",30034
Rua e bairro,"Calçadas, guias e postes","Denúncia de reparo mal executado de calçada por companhias de luz, água, telefone, internet",1796
Rua e bairro,"Calçadas, guias e postes",Manutenção de calçadas em áreas públicas e praças,31999
Rua e bairro,"Calçadas, guias e postes","Manutenção de guias, sarjetas e sarjetões",11148
Rua e bairro,"Calçadas, guias e postes",Obstáculo dificultando acessibilidade,20402
Rua e bairro,"Calçadas, guias e postes",Pintura de guias e postes,1993
Rua e bairro,"Calçadas, guias e postes",Reclamação de pintura de guias e postes mal feita,234
Rua e bairro,"Calçadas, guias e postes",Reparo e manutenção de relógios de rua,83
Rua e bairro,"Calçadas, guias e postes",Sugerir construção de calçadas em áreas públicas e praças,10
Rua e bairro,Capinação e roçada de áreas verdes,Capinação em guias e sarjetas,12588
Rua e bairro,Capinação e roçada de áreas verdes,Roçada em praças e canteiro central,96498
Rua e bairro,Cidade Linda,Cadastro de Voluntários,14
Rua e bairro,Córregos,Denúncia de lançamento de esgoto em córrego,4
Rua e bairro,Córregos,Denúncia de lançamento de lixo/detritos em córrego,319
Rua e bairro,Córregos,Limpeza de córrego,14828
Rua e bairro,Córregos,Sugerir obras de drenagem em córregos,873
Rua e bairro,Drenagem de água de chuva,"Construção de bueiros, boca de lobo e poços de visita",6857
Rua e bairro,Drenagem de água de chuva,Construção de galerias,5
Rua e bairro,Drenagem de água de chuva,"Construção ou reforma de guia, sarjetas e sarjetões",2
Rua e bairro,Drenagem de água de chuva,Denúncia de despejo de água de chuva,1177
Rua e bairro,Drenagem de água de chuva,"Limpeza de bueiros, boca de lobo e poços de visita",74210
Rua e bairro,Drenagem de água de chuva,"Limpeza de valas, valetas e sarjetões",1083
Rua e bairro,Drenagem de água de chuva,Recuperar galerias de águas de chuvas (pluviais),8318
Rua e bairro,Drenagem de água de chuva,"Reforma de bueiros, boca de lobo e poços de visita",42248
Rua e bairro,Esgoto e água usada,Denunciar despejo irregular de água usada ou esgoto,14302
Rua e bairro,Esgoto e água usada,Denúncia de despejo de água usada ou esgoto,3237
Rua e bairro,Esgoto e água usada,Denúncia de ligação irregular de esgoto,1697
Rua e bairro,Guias rebaixadas,Fiscalização de rebaixamento irregular de guia para acesso de veículos,625
Rua e bairro,Guias rebaixadas,Rebaixamento de guias para pedestres,2657
Rua e bairro,Iluminação pública,Elogio para Iluminação Pública (ILUME),99
Rua e bairro,Iluminação pública,Reclamação sobre iluminação pública (ILUME),2977
Rua e bairro,Iluminação pública,Reparo da fiação elétrica,1654
Rua e bairro,Iluminação pública,Reparo de luminária,1294
Rua e bairro,Iluminação pública,Reparo de lâmpada,29569
Rua e bairro,Iluminação pública,Reparo de poste de luz metálico,641
Rua e bairro,Iluminação pública,Reparo de transformador/chave,293
Rua e bairro,Numeração de imóveis,Acerto de numeração de imovel,1111
Rua e bairro,Poluição Sonora - PSIU,Reclamação de poluição sonora - PSIU,121543
Rua e bairro,Praças,Manutenção de equipamentos de ginástica na praça,4318
Rua e bairro,Praças,"Manutenção de mobiliário de praça (mesas, bancos, brinquedos etc)",1766
Rua e bairro,Praças,Reforma e revitalização de praças,9114
Rua e bairro,Praças,Sugerir instalação de equipamentos de ginástica na praça,29
Rua e bairro,Praças,"Sugerir instalação de mobiliário (mesas, bancos, brinquedos, etc) em áreas públicas",10
Rua e bairro,Proibição de Lavagem de Calçadas,Denúncia de lava-jato que não utiliza água de reúso,6
Rua e bairro,"Reparos em asfalto, pontes e viadutos",Nivelamento de vias de terra,3275
Rua e bairro,"Reparos em asfalto, pontes e viadutos",Pavimentação de ruas não asfaltadas,6293
Rua e bairro,"Reparos em asfalto, pontes e viadutos",Recapeamento,14084
Rua e bairro,"Reparos em asfalto, pontes e viadutos",Reclamação de afundamento da pavimentação em vias públicas,14584
Rua e bairro,"Reparos em asfalto, pontes e viadutos",Reclamação de má execução do serviço de recapeamento e pavimentação,3194
Rua e bairro,"Reparos em asfalto, pontes e viadutos",Reclamação de má execução do serviço de tapa-buraco,4338
Rua e bairro,"Reparos em asfalto, pontes e viadutos",Recolocação e ajuste de paralelepípedo,707
Rua e bairro,"Reparos em asfalto, pontes e viadutos",Tapa-buraco,488425
Rua e bairro,"Reparos em asfalto, pontes e viadutos",Tapa-buraco em faixa exclusiva ou corredor de ônibus,7180
Rua e bairro,"Reparos em asfalto, pontes e viadutos",Vistoria e reparo de pontes e viadutos,119
Rua e bairro,"Ruas, vilas, vielas e escadarias",Denúncia de fechamento de ruas e vilas,1230
Rua e bairro,"Ruas, vilas, vielas e escadarias",Manutenção de vielas/escadarias,3930
Rua e bairro,Terrenos e imóveis,Construção de muro de arrimo/contenção,460
Rua e bairro,Terrenos e imóveis,Denúncia de falta de limpeza de terrenos e imóveis particulares,21502
Rua e bairro,Terrenos e imóveis,Denúncia de loteamento irregular ou clandestino,11998
Rua e bairro,Terrenos e imóveis,Denúncia de terreno com muro danificado/inexistente,2058
Rua e bairro,Terrenos e imóveis,Recurso de multa muro/passeio/limpeza,582
Rua e bairro,Áreas municipais,Invasão de áreas municipais,7903
Rua e bairro,Árvore,Avaliação e serviços em árvore em área particular,264
Rua e bairro,Árvore,Avaliação e serviços em árvore em área pública,283663
Rua e bairro,Árvore,Denúncia de falta de plantio de uma nova árvore após remoção,154
Rua e bairro,Árvore,Denúncia de poda/remoção não autorizada,13393
Rua e bairro,Árvore,Plantio de árvore em vias e áreas públicas,10865
Rua e bairro,Árvore,Árvore ou galho caído,374
SAC/GRC,Alistamento e Serviço Militar,Elogios,1
SAC/GRC,Alistamento e Serviço Militar,Sugestões,4
SAC/GRC,Animais/Aranha,Reclamação de Aranhas,2
SAC/GRC,Animais/Carrapatos,Reclamação de carrapatos,4
SAC/GRC,Animais/Pulgas,Reclamação de pulgas,3
SAC/GRC,Animais/barata,Reclamação de baratas,5
SAC/GRC,Atendimento - SF,Elogio,669
SAC/GRC,Atendimento - SF,Sugestão,651
SAC/GRC,BPC - Denúncia,Conduta - Cadastrador,6
SAC/GRC,BPC - Denúncia,Conduta - Postos de Atendimento,11
SAC/GRC,BPC - Denúncia,Denúncia de Recebimento Indevido,2
SAC/GRC,CCM,Cancelamento do CCM,1
SAC/GRC,CCM,Inscrição Online (pessoa física),18
SAC/GRC,CCM,Que documentação adicional deve ser apresentada para a reativação de inscrição?,3
SAC/GRC,CET / Circulação de Pedestre,Dificuldade de circulação na calçada,18
SAC/GRC,CET / Escola,Falta de sinalização de existência de escola e de escolares,3
SAC/GRC,CET / Faixa reversível,Faixa reversível,1
SAC/GRC,CET / Sinalização de orientação de destino,Falta de sinalização de orientação de destino,1
SAC/GRC,CET / Veículo com placa abandonado,Veículo com placa abandonado na via,6
SAC/GRC,CET / Veículo com placa abandonado,Veículo com placa abandonado sobre a calçada,10
SAC/GRC,Condições Sanitárias Inadequadas,Caixa de Água,2
SAC/GRC,Condições Sanitárias Inadequadas,Higiene dos Alimentos,1
SAC/GRC,Condições Sanitárias Inadequadas,Placas,10
SAC/GRC,Construção de passarelas,Construção de pinguela / ponte,1
SAC/GRC,Construção de passarelas,Construção/reforma de escadarias/escadão,5
SAC/GRC,Construção de passarelas,Construção/reforma de passarela,4
SAC/GRC,Creches,Vaga em creche,2
SAC/GRC,Dengue (Mosquito Aedes aegypti),Outros: especificar o tipo de imóvel e o(s) local(is) que estão acumulando água parada,1
SAC/GRC,Denúncia sobre Vegetação,Corte e poda,3
SAC/GRC,Edificação,Vistoria técnica em edificação,26
SAC/GRC,"Elevador de Passageiro/Carga,Escada Rolante Etc",Infiltração d´água na casa de máquina/caixa/poço do elevador,21
SAC/GRC,Funcionário,Medicamentos para servidor publico municipal,32
SAC/GRC,Guarda Civil Metropolitana,Atendimento Emergencial,1
SAC/GRC,Guias/rebaixamento para acessibilidade,Rebaixamento de guias - informar o local,6
SAC/GRC,Guias/rebaixamento para acessibilidade,Rebaixamento de guias - informar o percurso,1
SAC/GRC,Guias/sarjetas,Construção/reforma/reconstrução de guias/sarjetas,8
SAC/GRC,Guias/sarjetas,Construção/reforma/reconstrução de sarjetões,2
SAC/GRC,IPTU,2ª Via,9
SAC/GRC,IPTU,Atualização de Dados Cadastrais,244
SAC/GRC,IPTU,Consulta a Débito,5
SAC/GRC,IPTU,Devolução de Valores,24
SAC/GRC,IPTU,Duplicidade,5
SAC/GRC,IPTU,Isenção para Aposentados,17
SAC/GRC,IPTU,Valor,10
SAC/GRC,ISS,Onde posso pagar o ISS?,4
SAC/GRC,ISS,Quem recebe documento de arrecadação de ISS pelos correios?,4
SAC/GRC,Iluminacao - Fio faiscando,Fio faiscando,1023
SAC/GRC,Iluminação - Novo ponto de Iluminação Pública,Diversas luminárias - Não há postes no local,1
SAC/GRC,"Jardinagem (poda, corte mato)",Corte irregular de árvore,4
SAC/GRC,Lixo / Limpeza,Colocação de placa Proibido jogar lixo,19
SAC/GRC,Lixo / Limpeza,Informações sobre frequência de Varrição,1
SAC/GRC,Lixo / Limpeza,Instalação de caçambas,6
SAC/GRC,Lixo / Limpeza,Plano de Varrição,4
SAC/GRC,Lixo/Limpeza - Queixas/Denuncias,Lavar/Reparar veiculo em via publica,120
SAC/GRC,Mananciais-Oper.Defesa Águas/Áreas Verdes-Denúncia,Aterro/desbarrancamento próximo a córrego/represa/área verde,1
SAC/GRC,Meio Ambiente,Corte e Poda de Vegetação - Informações,2
SAC/GRC,NF Paulistana (Comunicação de não conversão  RPS),Comunicação de não conversão de RPS,1019
SAC/GRC,PPI,Criação de Senha Web,4
SAC/GRC,PROGRAMA NOTA FISCAL PAULISTANA - N.F. DE SERVIÇOS ELETRÔNICA - NFS-E,Cancelamento de Nota Fiscal,9
SAC/GRC,PROGRAMA NOTA FISCAL PAULISTANA - N.F. DE SERVIÇOS ELETRÔNICA - NFS-E,Emissão de Nota Fiscal,72
SAC/GRC,Permissionárias,Obras de Manutenção,1
SAC/GRC,Processo Encerrado/Solicitação Vistas/Cópias,Imóveis com número de Processo,7
SAC/GRC,Processo Encerrado/Solicitação Vistas/Cópias,Imóveis sem número de Processo antes de 1980,2
SAC/GRC,Processo Encerrado/Solicitação Vistas/Cópias,Imóveis sem número de Processo depois  de 1980,4
SAC/GRC,Reclamação,Reclamação para Companhia de Engenharia de Tráfego (CET),2
SAC/GRC,Remoções diversas,Remoção de lixeira/caçamba,36
SAC/GRC,Saúde,Qualidade de atendimento,1
SAC/GRC,Saúde,Saúde da mulher - assistência ginecológica,1
SAC/GRC,Sugestão,Sugestão para Companhia de Engenharia de Tráfego (CET),3
SAC/GRC,Transporte publico / Conduta de Trabalho,Apresentar sinais de embriaguez em serviço,391
SAC/GRC,Transporte público,Outros,2
SAC/GRC,Transporte público / Conduta de Trabalho,Cobrança indevida de tarifa ou corrida,41
SAC/GRC,Transporte público / Manutenção e Conservação,Letreiro em desacordo/ placas incorretas/ ausentes,5
SAC/GRC,"Transporte público / Terminal, Corredor e Estação",Informação sobre projetos e serviços de SPTrans,2
SAC/GRC,Transporte público/ Bilhete Único,Cancelamento de Cartão/Bilhete,1
SAC/GRC,Transporte público/ Bilhete Único,Ônibus sem Catraca Eletrônica / Validador,1
SAC/GRC,Transporte público/Outros,"Conduta inadequada do oper.de veíc. difer.(táxi, escolar, fretamento)",1
SAC/GRC,Transporte público/Outros,"Fiscalização em veículos diferenciados (taxi,escolar,fretamento)",1
SAC/GRC,Transporte público/Outros,Não concordância com normas/regulamentos da SPTrans,2
SAC/GRC,Transporte público/Outros,Problemas com site SPTRANS,1
SAC/GRC,Vigilância Sanitária de Produtos de Interesse à Saúde,Comércio e/ou fabricação de produtos de limpeza irregulares - sem rotulagem,1
SAC/GRC,Vistoria,"Pichação - Riscar, pichar, colar cartazes em equipamento público",1
SAC/GRC,Vistoria,Veículos - Lavagem em via pública,1
SAC/GRC,Vistoria,Veículos - Sobre a calçada ou canteiro,1
SAC/GRC,Vistoria / Limpeza,Material de construção depositado por mais de 2 dias em vias públicas,122
SAC/GRC,Vistoria/Infraestrutura,"Dano a Pavimento, túneis, pontes e viadutos",2
SAC/GRC,Vistoria/Limpeza,Obstruir bueiros e passagens de água pluvial,11
SAC/GRC,Áreas municipais,Urbanização/reurbanização de área municipal,1
SAC/GRC,Áreas municipais,Vistoria em área municipal,5
SAC/GRC,Árvore(Praça Pública),Galhos Caídos,4
SAC/GRC,Árvore(Praça Pública),Árvore Caída,4
Saúde,Condições sanitárias inadequadas,Denúncias de condições sanitárias inadequadas ou de risco à saúde,58
Saúde,Dengue/chikungunya/zika (mosquito aedes aegypti),Denúncias de locais com acúmulo de água limpa e parada,102127
Saúde,Ouvidoria da saúde,Acolhimento das manifestações dos usuários do serviço público de saúde,1379
Saúde,Vacinação,Vacinação contra sarampo - Grandes Grupos Residenciais,230
Segurança urbana,Alistamento e Serviço Militar,Certificado de Reservista  2ª via,8
Segurança urbana,Alistamento e Serviço Militar,Reabilitação do Serviço Militar,1
Segurança urbana,Guarda Civil Metropolitana,Denúncias contra atuação de servidor da guarda civil metropolitana,51
Segurança urbana,Guarda Civil Metropolitana,Guarda Civil Metropolitana - Crítica e reclamação,311
Segurança urbana,Guarda Civil Metropolitana,Guarda Civil Metropolitana - Elogio,53
Segurança urbana,Guarda Civil Metropolitana,Guarda Civil Metropolitana - Sugestão,168
Segurança urbana,Guarda Civil Metropolitana,Solicitação de policiamento,2375
Trabalho,"Bolsa Trabalho - Luz, Câmera, Ação Social!","Bolsa Trabalho - Luz, Câmera, Ação Social! - Reclamação",1
Trabalho,Centro de Formação Cultural da Cidade Tiradentes,Centro de Formação Cultural da Cidade Tiradentes - Reclamação,13
Trabalho,Empreenda Fácil,Empreenda Fácil - Suporte Técnico,7317
Trabalho,Escola Técnica de Saúde Pública Prof. Makiguti,Escola Técnica de Saúde Pública Prof. Makiguti - Reclamação,4
Trabalho,Fab Lab,Fab Lab - Reclamação,12
Trabalho,Feira Livre,Reclamações sobre serviços prestados aos feirantes,82
Trabalho,Mercados e sacolões,Reclamação de mercados e sacolões,107
Trabalho,Microempreendedor Individual - MEI,Microempreendedor Individual (MEI) - Reclamação,69
Trabalho,Programa Operação Trabalho - Agente SUAS,Programa Operação Trabalho - Agente SUAS - Reclamação,6
Trabalho,Programa Operação Trabalho - Hortas e Viveiros,Programa Operação Trabalho - Hortas e Viveiros - Reclamação,8
Trabalho,Programa Operação Trabalho - POT nas Subprefeituras,Programa Operação Trabalho - POT nas Subprefeituras - Reclamação,5
Trabalho,Programa Operação Trabalho - Praças Mais Cuidadas,Programa Operação Trabalho - Praças Mais Cuidadas - Reclamação,14
Trabalho,Programa Operação Trabalho - Telecentros Comunitários,Programa Operação Trabalho - Telecentros Comunitários - Reclamação,2
Trabalho,Programa Operação Trabalho - Transcidadania,Programa Operação Trabalho - Transcidadania - Reclamação,2
Trabalho,Programa Operação Trabalho - Vivência Prática em Gestão de Documentos,Programa Operação Trabalho - Vivência Prática em Gestão de Documentos - Reclamação,1
Trabalho,Programa Operação Trabalho - Zeladores Comunitários,Reclamações,23
Trabalho,Telecentros,Telecentro - Reclamação,140
Trânsito e Transporte,ATENDE - Transporte Pessoas com Deficiência,ATENDE - Comunicação sobre colisão de veículo do ATENDE para ressarcimento,10
Trânsito e Transporte,ATENDE - Transporte Pessoas com Deficiência,ATENDE - Elogio,9
Trânsito e Transporte,ATENDE - Transporte Pessoas com Deficiência,ATENDE - Reclamação de atendente ou funcionário,9
Trânsito e Transporte,ATENDE - Transporte Pessoas com Deficiência,ATENDE - Reclamação de falta de manutenção de veículos,14
Trânsito e Transporte,ATENDE - Transporte Pessoas com Deficiência,ATENDE - Reclamação por falta de cumprimento da programação,16
Trânsito e Transporte,ATENDE - Transporte Pessoas com Deficiência,ATENDE - Reclamação sobre demora no encaixe,3
Trânsito e Transporte,ATENDE - Transporte Pessoas com Deficiência,ATENDE - Reclamação sobre outros usuários e/ou acompanhantes,15
Trânsito e Transporte,ATENDE - Transporte Pessoas com Deficiência,Reclamação de conduta de motorista do ATENDE,527
Trânsito e Transporte,ATENDE - Transporte Pessoas com Deficiência,Reclamação de descumprimento de horário do ATENDE,753
Trânsito e Transporte,Bicicleta,"Avaliação da infraestrutura de ciclovias, ciclofaixas e ciclorrotas existentes",380
Trânsito e Transporte,Bicicleta,Avaliação de ciclofaixas de lazer,34
Trânsito e Transporte,Bicicleta,Avaliação de estação existente de bicicletas compartilhadas,31
Trânsito e Transporte,Bicicleta,Implantação de estacionamento de bicicletas na via (paraciclos públicos),18
Trânsito e Transporte,Bicicleta,"Manutenção de pintura e sinalização de ciclovias, ciclofaixas e ciclorrotas",490
Trânsito e Transporte,Bicicleta,"Proposta para implantação de ciclovias, ciclofaixas e ciclorrotas",594
Trânsito e Transporte,Bicicleta,Proposta para implantação de nova estação de bicicletas compartilhadas,58
Trânsito e Transporte,Carga,Carga a frete - Denúncia de irregularidades,77
Trânsito e Transporte,Estacionamento e Zona Azul,Análise da proibição de estacionamento na via,17401
Trânsito e Transporte,Estacionamento e Zona Azul,Cartão de estacionamento DeFis (pessoa com deficiência),15975
Trânsito e Transporte,Estacionamento e Zona Azul,Cartão de estacionamento DeFis (pessoa com deficiência) - Impressão ou Consulta,6
Trânsito e Transporte,Estacionamento e Zona Azul,Cartão de estacionamento idoso,67146
Trânsito e Transporte,Estacionamento e Zona Azul,Cartão de estacionamento idoso - Impressão ou Consulta,36
Trânsito e Transporte,Estacionamento e Zona Azul,Criação e ampliação de vagas reservadas em vias públicas,1087
Trânsito e Transporte,Estacionamento e Zona Azul,Criação/ampliação de estacionamento de veículos na via,6409
Trânsito e Transporte,Estacionamento e Zona Azul,Denúncia de irregularidade na venda de talão de zona azul por posto credenciados,177
Trânsito e Transporte,Estacionamento e Zona Azul,Denúncia de reserva irregular de vaga,2716
Trânsito e Transporte,Estacionamento e Zona Azul,Desativação/modificação de vaga de estacionamento de veículos na via,3312
Trânsito e Transporte,Estacionamento e Zona Azul,Fiscalização da ausência de vagas reservadas em estabelecimento comercial,396
Trânsito e Transporte,Estacionamento e Zona Azul,Fiscalização de estacionamentos particulares,399
Trânsito e Transporte,Estacionamento e Zona Azul,Fiscalização de uso de vaga reservada em estabelecimento comercial,117
Trânsito e Transporte,Estacionamento e Zona Azul,Fiscalização de uso de vagas reservadas em vias públicas,397
Trânsito e Transporte,Estacionamento e Zona Azul,Fiscalização de valet,283
Trânsito e Transporte,Estacionamento e Zona Azul,Intensificar fiscalização de veículos estacionados/parados irregularmente,25049
Trânsito e Transporte,Eventos,Reclamação de eventos na via,398
Trânsito e Transporte,Faixas exclusivas e corredores de ônibus,Estudo em faixas e corredores de ônibus existentes,213
Trânsito e Transporte,Faixas exclusivas e corredores de ônibus,Estudo para implantação de faixas e corredores de ônibus,151
Trânsito e Transporte,Inspeção Veicular,Pedido de informações sobre multas por não ter realizado inspeção veicular,53
Trânsito e Transporte,Inspeção Veicular,Pedido de número de certificado de aprovação em inspeção veicular.,17
Trânsito e Transporte,Moto,Moto-frete - Denúncia de conduta ou postura do condutor,12
Trânsito e Transporte,Moto,Moto-frete - Denúncia de irregularidades,16
Trânsito e Transporte,Moto,Reclamação da conservação e manutenção da moto,1
Trânsito e Transporte,Multas de trânsito,Intensificar fiscalização de veículos em movimento,4799
Trânsito e Transporte,Obras na via,Autorização para obras/ serviços na via,163
Trânsito e Transporte,Reclamação ônibus,Denúncia de veículo clandestino ou não credenciado,155
Trânsito e Transporte,Reclamação ônibus,Dificuldade de contato telefônico com a SPTrans,1293
Trânsito e Transporte,Reclamação ônibus,Reclamação de descumprimento de horário de veículos adaptados,583
Trânsito e Transporte,Reclamação ônibus,Reclamação de falta de comunicado nos ônibus,269
Trânsito e Transporte,Reclamação ônibus,Reclamação de falta de limpeza de terminais de ônibus,330
Trânsito e Transporte,Reclamação ônibus,Reclamação de filas e tumulto em terminais de ônibus,1081
Trânsito e Transporte,Reclamação ônibus,Reclamação de problemas no olho vivo,1437
Trânsito e Transporte,Reclamação ônibus,Reclamação de sinalização inadequada de terminais de ônibus,195
Trânsito e Transporte,Reclamação ônibus,Ônibus - Denúncia de alteração de itinerário ou ponto inicial/final,3740
Trânsito e Transporte,Reclamação ônibus,"Ônibus - Denúncia de conduta do motorista, cobrador ou fiscal",60205
Trânsito e Transporte,Reclamação ônibus,Ônibus - Denúncia de direção inadequada ou perigosa de veículo,23322
Trânsito e Transporte,Reclamação ônibus,Ônibus - Denúncia de problemas no embarque/desembarque,67126
Trânsito e Transporte,Reclamação ônibus,Ônibus - Reclamação de demora na partida,4340
Trânsito e Transporte,Reclamação ônibus,Ônibus - Reclamação de descumprimento de partida no ponto inicial/final,15016
Trânsito e Transporte,Reclamação ônibus,Ônibus - Reclamação de intervalo excessivo da linha,58954
Trânsito e Transporte,Reclamação ônibus,Ônibus - Reclamação de veículo com superlotação,4139
Trânsito e Transporte,Reclamação ônibus,Ônibus fretado - Denúncia de conduta ou postura do condutor,60
Trânsito e Transporte,Reclamação ônibus,Ônibus fretado - Denúncia ou reclamação de irregularidades ou problemas no transporte,76
Trânsito e Transporte,Reclamação ônibus,Ônibus fretado - Reclamação da conservação e manutenção do veículo,74
Trânsito e Transporte,Sinalização e Circulação de Veículos e Pedestres,Ajuste do tempo de semáforo de pedestres,2159
Trânsito e Transporte,Sinalização e Circulação de Veículos e Pedestres,Avaliação da circulação e acesso de veículos,25480
Trânsito e Transporte,Sinalização e Circulação de Veículos e Pedestres,Avaliação de circulação de caminhão,705
Trânsito e Transporte,Sinalização e Circulação de Veículos e Pedestres,Avaliação de travessia de pedestres,9180
Trânsito e Transporte,Sinalização e Circulação de Veículos e Pedestres,Aviso de chapas de aço soltas na via,1
Trânsito e Transporte,Sinalização e Circulação de Veículos e Pedestres,Aviso de interferências no trânsito,1700
Trânsito e Transporte,Sinalização e Circulação de Veículos e Pedestres,Aviso de obra prejudicando o trânsito,4
Trânsito e Transporte,Sinalização e Circulação de Veículos e Pedestres,Aviso de pista/via escorregadia,4
Trânsito e Transporte,Sinalização e Circulação de Veículos e Pedestres,Aviso de radar danificado,6
Trânsito e Transporte,Sinalização e Circulação de Veículos e Pedestres,Aviso de semáforo com problemas,1068
Trânsito e Transporte,Sinalização e Circulação de Veículos e Pedestres,Aviso de sinalização com risco de queda,11
Trânsito e Transporte,Sinalização e Circulação de Veículos e Pedestres,Denúncia de má conduta de funcionário da CET,2585
Trânsito e Transporte,Sinalização e Circulação de Veículos e Pedestres,Elogios de funcionários da CET,486
Trânsito e Transporte,Sinalização e Circulação de Veículos e Pedestres,Fiscalização de infração de veículo em movimento,79
Trânsito e Transporte,Sinalização e Circulação de Veículos e Pedestres,Fiscalização de veículo estacionado em local proibido,301
Trânsito e Transporte,Sinalização e Circulação de Veículos e Pedestres,Instalação de placa com nome de rua,2984
Trânsito e Transporte,Sinalização e Circulação de Veículos e Pedestres,Manutenção de placa com nome de rua,2456
Trânsito e Transporte,Sinalização e Circulação de Veículos e Pedestres,Manutenção de placas de trânsito,8163
Trânsito e Transporte,Sinalização e Circulação de Veículos e Pedestres,Manutenção de semáforos,4404
Trânsito e Transporte,Sinalização e Circulação de Veículos e Pedestres,Manutenção de sinalização horizontal (pintura de solo),13654
Trânsito e Transporte,Sinalização e Circulação de Veículos e Pedestres,Reclamação de obras na via,3515
Trânsito e Transporte,Transporte Escolar,Transporte Escolar - Denúncia de conduta ou postura do condutor,769
Trânsito e Transporte,Transporte Escolar,Transporte Escolar - Denúncia ou reclamação de irregularidades ou problemas no transporte,2082
Trânsito e Transporte,Transporte Escolar,Transporte Escolar - Elogio ao condutor,2
Trânsito e Transporte,Transporte Escolar,Transporte Escolar - Reclamação da conservação e manutenção do veículo,260
Trânsito e Transporte,Transporte Escolar,Transporte Escolar Gratuito - Reclamar sobre transporte,41
Trânsito e Transporte,Táxi e App,Denúncia de veículo clandestino ou de problemas no transporte,244
Trânsito e Transporte,Táxi e App,Denúncia sobre cobrança,616
Trânsito e Transporte,Táxi e App,Reclamação de desobediência ao regulamento de Ponto de Taxi,443
Trânsito e Transporte,Táxi e App,Suporte Técnico ao SPTaxi,441
Trânsito e Transporte,Táxi e App,Taxi / Aplicativos - Denúncia de conduta ou postura do condutor,2230
Trânsito e Transporte,Táxi e App,Taxi / Aplicativos - Elogio ao condutor,21
Trânsito e Transporte,Táxi e App,Taxi / Aplicativos - Reclamação da conservação e manutenção do veículo,52
Trânsito e Transporte,Táxi e App,Táxi/Aplicativos - Achados e perdidos,246
Trânsito e Transporte,Valets e estacionamentos particulares,Denúncia de valet utilizando via pública como estacionamento,237
Trânsito e Transporte,Veículos abandonados,Remoção de veículo/carcaça abandonado na via pública,139721
Trânsito e Transporte,Ônibus,Criação de partida em horário específico,1375
Trânsito e Transporte,Ônibus,Criação/reativação de linha de ônibus,2853
Trânsito e Transporte,Ônibus,Elogio à empresa de ônibus,294
Trânsito e Transporte,Ônibus,Implantação de abrigo ou ponto de ônibus,8503
Trânsito e Transporte,Ônibus,Inclusão de veículo adaptado na linha,390
Trânsito e Transporte,Ônibus,Limpeza do ônibus,2143
Trânsito e Transporte,Ônibus,"Manutenção, conserto e limpeza de ponto de ônibus",3867
Trânsito e Transporte,Ônibus,Olho Vivo - Sugestão e elogio,41
Trânsito e Transporte,Ônibus,Painel de mensagens variáveis (PMV),96
Trânsito e Transporte,Ônibus,Plano emergencial,148
Trânsito e Transporte,Ônibus,Reativação de um abrigo ou ponto que foi extinto,1872
Trânsito e Transporte,Ônibus,Reimplantação ou substituição de um ponto de ônibus do modelo antigo por um equipamento do modelo novo,1937
Trânsito e Transporte,Ônibus,Remanejamento de ponto de ônibus,4577
Trânsito e Transporte,Ônibus,Reparo de catraca eletronica/ validador com falha,583
Trânsito e Transporte,Ônibus,Reparo de problemas mecânicos,2228
Trânsito e Transporte,Ônibus,SPTrans - Sugestão,8950
Trânsito e Transporte,Ônibus,Ônibus - Alteração de itinerário ou ponto inicial/final,4954
Trânsito e Transporte,Ônibus,"Ônibus - Elogio ao motorista, cobrador ou fiscal",3806
Trânsito e Transporte,Ônibus,Ônibus - Manutenção do veículo em geral,5579
Urgência,Defesa Civil,Alagamento,756
Urgência,Defesa Civil,Desabamento,1545
Urgência,Defesa Civil,Deslizamento,863
Urgência,Defesa Civil,Desmatamento,57
Urgência,Defesa Civil,Destelhamento,167
Urgência,Defesa Civil,Erosão,1562
Urgência,Defesa Civil,Explosão,28
Urgência,Defesa Civil,Fogo em mato,125
Urgência,Defesa Civil,Incêndio,569
Urgência,Defesa Civil,Infiltração,2291
Urgência,Defesa Civil,Inundação,531
Urgência,Defesa Civil,Obra de arte (danificada),146
Urgência,Defesa Civil,Produtos perigosos,100
Urgência,Defesa Civil,Queda de aeronave,3
Urgência,Defesa Civil,Queda de galho,6565
Urgência,Defesa Civil,Queda de árvore,13658
Urgência,Defesa Civil,Rachadura de Edificação,3577
Urgência,Defesa Civil,Risco de desabamento,3968
Urgência,Defesa Civil,Risco de deslizamento,669
Urgência,Defesa Civil,Risco iminente de queda de árvore,10564
Urgência,Defesa Civil,Rompimento de adutora,52
Urgência,Defesa Civil,Rompimento de galeria de águas pluviais,298
Urgência,Defesa Civil,Soterramento,4
Urgência,Defesa Civil,Vazamento de gás,173
Urgência,Guarda Civil Metropolitana,Afogamento em curso,16
Urgência,Guarda Civil Metropolitana,Agressão,149
Urgência,Guarda Civil Metropolitana,Alarme disparado,353
Urgência,Guarda Civil Metropolitana,Ameaça,220
Urgência,Guarda Civil Metropolitana,Apoio a agente público,168
Urgência,Guarda Civil Metropolitana,Arma de fogo,62
Urgência,Guarda Civil Metropolitana,Atitude Suspeita,227
Urgência,Guarda Civil Metropolitana,Ato obsceno,82
Urgência,Guarda Civil Metropolitana,Comércio irregular,448
Urgência,Guarda Civil Metropolitana,Corrupção de menor,25
Urgência,Guarda Civil Metropolitana,Crimes contra o meio ambiente,174
Urgência,Guarda Civil Metropolitana,Dano ao patrimônio,85
Urgência,Guarda Civil Metropolitana,Desacato a agente público,55
Urgência,Guarda Civil Metropolitana,Descarte de entulho em flagrante,98
Urgência,Guarda Civil Metropolitana,Desentendimento,152
Urgência,Guarda Civil Metropolitana,Encontro de cadáver,58
Urgência,Guarda Civil Metropolitana,Estupro ou tentativa de estupro,25
Urgência,Guarda Civil Metropolitana,Extorsão,30
Urgência,Guarda Civil Metropolitana,Furto ou tentativa de furto,74
Urgência,Guarda Civil Metropolitana,Homicídio e tentativa de homicídio,60
Urgência,Guarda Civil Metropolitana,Invasão,276
Urgência,Guarda Civil Metropolitana,Manifestação pública,46
Urgência,Guarda Civil Metropolitana,Maus tratos de pessoas,61
Urgência,Guarda Civil Metropolitana,Ocorrência com pessoa desprotegida,102
Urgência,Guarda Civil Metropolitana,Ocorrência em cemitério,85
Urgência,Guarda Civil Metropolitana,Ocorrência médica com pessoa,36
Urgência,Guarda Civil Metropolitana,Ocorrências com Drogas,144
Urgência,Guarda Civil Metropolitana,Ocorrências com animais silvestres,444
Urgência,Guarda Civil Metropolitana,Outras ocorrências em escolas,423
Urgência,Guarda Civil Metropolitana,Perturbação do sossego,819
Urgência,Guarda Civil Metropolitana,Pichação,52
Urgência,Guarda Civil Metropolitana,Preconceito (Racismo),51
Urgência,Guarda Civil Metropolitana,Pré-ocorrência,151
Urgência,Guarda Civil Metropolitana,Rapto/Sequestro de Menor,25
Urgência,Guarda Civil Metropolitana,Roubo ou tentativa de roubo,49
Urgência,Guarda Civil Metropolitana,Soltura de balões ou fogos,29
Urgência,Guarda Civil Metropolitana,Suicídio ou Tentativa de Suicídio,13
Urgência,Guarda Civil Metropolitana,Tumulto,68
Urgência,Guarda Civil Metropolitana,Veículo abandonado em próprio municipal,25
